Sample in Buffer,Sample in Window,TRIGGER,tdc_decoder_top_inst/tdcv2_decoder_wrapper_master/tdcv2_decoder[1].inst_tdcv2_decoder/trigger_matching_inst/tdc_hit_data_sync[31:0],tdc_decoder_top_inst/tdcv2_decoder_wrapper_master/tdcv2_decoder[1].inst_tdcv2_decoder/trigger_matching_inst/sync_fifo_empty,tdc_decoder_top_inst/tdcv2_decoder_wrapper_master/tdcv2_decoder[1].inst_tdcv2_decoder/trigger_matching_inst/matched_data[31:0],tdc_decoder_top_inst/tdcv2_decoder_wrapper_master/tdcv2_decoder[1].inst_tdcv2_decoder/trigger_matching_inst/match_valid,tdc_decoder_top_inst/tdcv2_decoder_wrapper_master/tdcv2_decoder[1].inst_tdcv2_decoder/trigger_matching_inst/ram_data_out[31:0],tdc_decoder_top_inst/tdcv2_decoder_wrapper_master/tdcv2_decoder[1].inst_tdcv2_decoder/trigger_matching_inst/waddr[9:0],tdc_decoder_top_inst/tdcv2_decoder_wrapper_master/tdcv2_decoder[1].inst_tdcv2_decoder/trigger_matching_inst/raddr[9:0],tdc_decoder_top_inst/tdcv2_decoder_wrapper_master/tdcv2_decoder[1].inst_tdcv2_decoder/trigger_matching_inst/saddr[9:0],tdc_decoder_top_inst/tdcv2_decoder_wrapper_master/tdcv2_decoder[1].inst_tdcv2_decoder/trigger_matching_inst/ram_empty,tdc_decoder_top_inst/tdcv2_decoder_wrapper_master/tdcv2_decoder[1].inst_tdcv2_decoder/trigger_matching_inst/ram_full,tdc_decoder_top_inst/tdcv2_decoder_wrapper_master/tdcv2_decoder[1].inst_tdcv2_decoder/trigger_matching_inst/ram_read,tdc_decoder_top_inst/tdcv2_decoder_wrapper_master/tdcv2_decoder[1].inst_tdcv2_decoder/trigger_matching_inst/state[4:0],tdc_decoder_top_inst/tdcv2_decoder_wrapper_master/tdcv2_decoder[1].inst_tdcv2_decoder/trigger_matching_inst/next[4:0],tdc_decoder_top_inst/tdcv2_decoder_wrapper_master/tdcv2_decoder[1].inst_tdcv2_decoder/trigger_matching_inst/in_range_keep,tdc_decoder_top_inst/tdcv2_decoder_wrapper_master/tdcv2_decoder[1].inst_tdcv2_decoder/trigger_matching_inst/in_range_match,tdc_decoder_top_inst/tdcv2_decoder_wrapper_master/tdcv2_decoder[1].inst_tdcv2_decoder/trigger_matching_inst/in_range_search
Radix - UNSIGNED,UNSIGNED,UNSIGNED,HEX,HEX,HEX,HEX,HEX,HEX,HEX,HEX,HEX,HEX,HEX,HEX,HEX,HEX,HEX,HEX
0,0,0,5606b492,1,00000000,0,3f096362,245,245,245,1,0,1,01,01,0,0,0
1,1,0,5606b492,1,00000000,0,3f096362,245,245,245,1,0,1,01,01,0,0,0
2,2,0,5606b492,1,00000000,0,3f096362,245,245,245,1,0,1,01,01,0,0,0
3,3,0,5606b492,1,00000000,0,3f096362,245,245,245,1,0,1,01,01,0,0,0
4,4,0,5606b492,1,00000000,0,3f096362,245,245,245,1,0,1,01,01,0,0,0
5,5,0,5606b492,1,00000000,0,3f096362,245,245,245,1,0,1,01,01,0,0,0
6,6,0,5606b492,1,00000000,0,3f096362,245,245,245,1,0,1,01,01,0,0,0
7,7,0,5606b492,1,00000000,0,3f096362,245,245,245,1,0,1,01,01,0,0,0
8,8,0,5606b492,1,00000000,0,3f096362,245,245,245,1,0,1,01,01,0,0,0
9,9,0,5606b492,1,00000000,0,3f096362,245,245,245,1,0,1,01,01,0,0,0
10,10,0,5606b492,1,00000000,0,3f096362,245,245,245,1,0,1,01,01,0,0,0
11,11,0,5606b492,1,00000000,0,3f096362,245,245,245,1,0,1,01,01,0,0,0
12,12,0,5606b492,1,00000000,0,3f096362,245,245,245,1,0,1,01,01,0,0,0
13,13,0,5606b492,1,00000000,0,3f096362,245,245,245,1,0,1,01,01,0,0,0
14,14,0,5606b492,1,00000000,0,3f096362,245,245,245,1,0,1,01,01,0,0,0
15,15,0,5606b492,1,00000000,0,3f096362,245,245,245,1,0,1,01,01,0,0,0
16,16,0,5606b492,1,00000000,0,3f096362,245,245,245,1,0,1,01,01,0,0,0
17,17,0,5606b492,1,00000000,0,3f096362,245,245,245,1,0,1,01,01,0,0,0
18,18,0,5606b492,1,00000000,0,3f096362,245,245,245,1,0,1,01,01,0,0,0
19,19,0,5606b492,1,00000000,0,3f096362,245,245,245,1,0,1,01,01,0,0,0
20,20,0,5606b492,1,00000000,0,3f096362,245,245,245,1,0,1,01,01,0,0,0
21,21,0,5606b492,1,00000000,0,3f096362,245,245,245,1,0,1,01,01,0,0,0
22,22,0,5606b492,1,00000000,0,3f096362,245,245,245,1,0,1,01,01,0,0,0
23,23,0,5606b492,1,00000000,0,3f096362,245,245,245,1,0,1,01,01,0,0,0
24,24,0,5606b492,1,00000000,0,3f096362,245,245,245,1,0,1,01,01,0,0,0
25,25,0,5606b492,1,00000000,0,3f096362,245,245,245,1,0,1,01,01,0,0,0
26,26,0,5606b492,1,00000000,0,3f096362,245,245,245,1,0,1,01,01,0,0,0
27,27,0,5606b492,1,00000000,0,3f096362,245,245,245,1,0,1,01,01,0,0,0
28,28,0,5606b492,1,00000000,0,3f096362,245,245,245,1,0,1,01,01,0,0,0
29,29,0,5606b492,1,00000000,0,3f096362,245,245,245,1,0,1,01,01,0,0,0
30,30,0,5606b492,1,00000000,0,3f096362,245,245,245,1,0,1,01,01,0,0,0
31,31,0,5606b492,1,00000000,0,3f096362,245,245,245,1,0,1,01,01,0,0,0
32,32,0,5606b492,1,00000000,0,3f096362,245,245,245,1,0,1,01,01,0,0,0
33,33,0,5606b492,1,00000000,0,3f096362,245,245,245,1,0,1,01,01,0,0,0
34,34,0,5606b492,1,00000000,0,3f096362,245,245,245,1,0,1,01,01,0,0,0
35,35,0,5606b492,1,00000000,0,3f096362,245,245,245,1,0,1,01,01,0,0,0
36,36,0,5606b492,1,00000000,0,3f096362,245,245,245,1,0,1,01,01,0,0,0
37,37,0,5606b492,1,00000000,0,3f096362,245,245,245,1,0,1,01,01,0,0,0
38,38,0,5606b492,1,00000000,0,3f096362,245,245,245,1,0,1,01,01,0,0,0
39,39,0,5606b492,1,00000000,0,3f096362,245,245,245,1,0,1,01,01,0,0,0
40,40,0,5606b492,1,00000000,0,3f096362,245,245,245,1,0,1,01,01,0,0,0
41,41,0,5606b492,1,00000000,0,3f096362,245,245,245,1,0,1,01,01,0,0,0
42,42,0,5606b492,1,00000000,0,3f096362,245,245,245,1,0,1,01,01,0,0,0
43,43,0,5606b492,1,00000000,0,3f096362,245,245,245,1,0,1,01,01,0,0,0
44,44,0,5606b492,1,00000000,0,3f096362,245,245,245,1,0,1,01,01,0,0,0
45,45,0,5606b492,1,00000000,0,3f096362,245,245,245,1,0,1,01,01,0,0,0
46,46,0,5606b492,1,00000000,0,3f096362,245,245,245,1,0,1,01,01,0,0,0
47,47,0,5606b492,1,00000000,0,3f096362,245,245,245,1,0,1,01,01,0,0,0
48,48,0,5606b492,1,00000000,0,3f096362,245,245,245,1,0,1,01,01,0,0,0
49,49,0,5606b492,1,00000000,0,3f096362,245,245,245,1,0,1,01,01,0,0,0
50,50,0,5606b492,1,00000000,0,3f096362,245,245,245,1,0,1,01,01,0,0,0
51,51,0,5606b492,1,00000000,0,3f096362,245,245,245,1,0,1,01,01,0,0,0
52,52,0,5606b492,1,00000000,0,3f096362,245,245,245,1,0,1,01,01,0,0,0
53,53,0,5606b492,1,00000000,0,3f096362,245,245,245,1,0,1,01,01,0,0,0
54,54,0,5606b492,1,00000000,0,3f096362,245,245,245,1,0,1,01,01,0,0,0
55,55,0,5606b492,1,00000000,0,3f096362,245,245,245,1,0,1,01,01,0,0,0
56,56,0,5606b492,1,00000000,0,3f096362,245,245,245,1,0,1,01,01,0,0,0
57,57,0,5606b492,1,00000000,0,3f096362,245,245,245,1,0,1,01,01,0,0,0
58,58,0,5606b492,1,00000000,0,3f096362,245,245,245,1,0,1,01,01,0,0,0
59,59,0,5606b492,1,00000000,0,3f096362,245,245,245,1,0,1,01,01,0,0,0
60,60,0,5606b492,1,00000000,0,3f096362,245,245,245,1,0,1,01,01,0,0,0
61,61,0,5606b492,1,00000000,0,3f096362,245,245,245,1,0,1,01,01,0,0,0
62,62,0,5606b492,1,00000000,0,3f096362,245,245,245,1,0,1,01,01,0,0,0
63,63,0,5606b492,1,00000000,0,3f096362,245,245,245,1,0,1,01,01,0,0,0
64,64,0,5606b492,1,00000000,0,3f096362,245,245,245,1,0,1,01,01,0,0,0
65,65,0,5606b492,1,00000000,0,3f096362,245,245,245,1,0,1,01,01,0,0,0
66,66,0,5606b492,1,00000000,0,3f096362,245,245,245,1,0,1,01,01,0,0,0
67,67,0,5606b492,1,00000000,0,3f096362,245,245,245,1,0,1,01,01,0,0,0
68,68,0,5606b492,1,00000000,0,3f096362,245,245,245,1,0,1,01,01,0,0,0
69,69,0,5606b492,1,00000000,0,3f096362,245,245,245,1,0,1,01,01,0,0,0
70,70,0,5606b492,1,00000000,0,3f096362,245,245,245,1,0,1,01,01,0,0,0
71,71,0,5606b492,1,00000000,0,3f096362,245,245,245,1,0,1,01,01,0,0,0
72,72,0,5606b492,1,00000000,0,3f096362,245,245,245,1,0,1,01,01,0,0,0
73,73,0,5606b492,1,00000000,0,3f096362,245,245,245,1,0,1,01,01,0,0,0
74,74,0,5606b492,1,00000000,0,3f096362,245,245,245,1,0,1,01,01,0,0,0
75,75,0,5606b492,1,00000000,0,3f096362,245,245,245,1,0,1,01,01,0,0,0
76,76,0,5606b492,1,00000000,0,3f096362,245,245,245,1,0,1,01,01,0,0,0
77,77,0,5606b492,1,00000000,0,3f096362,245,245,245,1,0,1,01,01,0,0,0
78,78,0,5606b492,1,00000000,0,3f096362,245,245,245,1,0,1,01,01,0,0,0
79,79,0,5606b492,1,00000000,0,3f096362,245,245,245,1,0,1,01,01,0,0,0
80,80,0,5606b492,1,00000000,0,3f096362,245,245,245,1,0,1,01,01,0,0,0
81,81,0,5606b492,1,00000000,0,3f096362,245,245,245,1,0,1,01,01,0,0,0
82,82,0,5606b492,1,00000000,0,3f096362,245,245,245,1,0,1,01,01,0,0,0
83,83,0,5606b492,1,00000000,0,3f096362,245,245,245,1,0,1,01,01,0,0,0
84,84,0,5606b492,1,00000000,0,3f096362,245,245,245,1,0,1,01,01,0,0,0
85,85,0,5606b492,1,00000000,0,3f096362,245,245,245,1,0,1,01,01,0,0,0
86,86,0,5606b492,1,00000000,0,3f096362,245,245,245,1,0,1,01,01,0,0,0
87,87,0,5606b492,1,00000000,0,3f096362,245,245,245,1,0,1,01,01,0,0,0
88,88,0,5606b492,1,00000000,0,3f096362,245,245,245,1,0,1,01,01,0,0,0
89,89,0,5606b492,1,00000000,0,3f096362,245,245,245,1,0,1,01,01,0,0,0
90,90,0,5606b492,1,00000000,0,3f096362,245,245,245,1,0,1,01,01,0,0,0
91,91,0,5606b492,1,00000000,0,3f096362,245,245,245,1,0,1,01,01,0,0,0
92,92,0,5606b492,1,00000000,0,3f096362,245,245,245,1,0,1,01,01,0,0,0
93,93,0,5606b492,1,00000000,0,3f096362,245,245,245,1,0,1,01,01,0,0,0
94,94,0,5606b492,1,00000000,0,3f096362,245,245,245,1,0,1,01,01,0,0,0
95,95,0,5606b492,1,00000000,0,3f096362,245,245,245,1,0,1,01,01,0,0,0
96,96,0,5606b492,1,00000000,0,3f096362,245,245,245,1,0,1,01,01,0,0,0
97,97,0,5606b492,1,00000000,0,3f096362,245,245,245,1,0,1,01,01,0,0,0
98,98,0,5606b492,1,00000000,0,3f096362,245,245,245,1,0,1,01,01,0,0,0
99,99,0,5606b492,1,00000000,0,3f096362,245,245,245,1,0,1,01,01,0,0,0
100,100,0,5606b492,1,00000000,0,3f096362,245,245,245,1,0,1,01,01,0,0,0
101,101,0,5606b492,1,00000000,0,3f096362,245,245,245,1,0,1,01,01,0,0,0
102,102,0,5606b492,1,00000000,0,3f096362,245,245,245,1,0,1,01,01,0,0,0
103,103,0,5606b492,1,00000000,0,3f096362,245,245,245,1,0,1,01,01,0,0,0
104,104,0,5606b492,1,00000000,0,3f096362,245,245,245,1,0,1,01,01,0,0,0
105,105,0,5606b492,1,00000000,0,3f096362,245,245,245,1,0,1,01,01,0,0,0
106,106,0,5606b492,1,00000000,0,3f096362,245,245,245,1,0,1,01,01,0,0,0
107,107,0,5606b492,1,00000000,0,3f096362,245,245,245,1,0,1,01,01,0,0,0
108,108,0,5606b492,1,00000000,0,3f096362,245,245,245,1,0,1,01,01,0,0,0
109,109,0,5606b492,1,00000000,0,3f096362,245,245,245,1,0,1,01,01,0,0,0
110,110,0,5606b492,1,00000000,0,3f096362,245,245,245,1,0,1,01,01,0,0,0
111,111,0,5606b492,1,00000000,0,3f096362,245,245,245,1,0,1,01,01,0,0,0
112,112,0,5606b492,1,00000000,0,3f096362,245,245,245,1,0,1,01,01,0,0,0
113,113,0,5606b492,1,00000000,0,3f096362,245,245,245,1,0,1,01,01,0,0,0
114,114,0,5606b492,1,00000000,0,3f096362,245,245,245,1,0,1,01,01,0,0,0
115,115,0,5606b492,1,00000000,0,3f096362,245,245,245,1,0,1,01,01,0,0,0
116,116,0,5606b492,1,00000000,0,3f096362,245,245,245,1,0,1,01,01,0,0,0
117,117,0,5606b492,1,00000000,0,3f096362,245,245,245,1,0,1,01,01,0,0,0
118,118,0,5606b492,1,00000000,0,3f096362,245,245,245,1,0,1,01,01,0,0,0
119,119,0,5606b492,1,00000000,0,3f096362,245,245,245,1,0,1,01,01,0,0,0
120,120,0,5606b492,1,00000000,0,3f096362,245,245,245,1,0,1,01,01,0,0,0
121,121,0,5606b492,1,00000000,0,3f096362,245,245,245,1,0,1,01,01,0,0,0
122,122,0,5606b492,1,00000000,0,3f096362,245,245,245,1,0,1,01,01,0,0,0
123,123,0,5606b492,1,00000000,0,3f096362,245,245,245,1,0,1,01,01,0,0,0
124,124,0,5606b492,1,00000000,0,3f096362,245,245,245,1,0,1,01,01,0,0,0
125,125,0,5606b492,1,00000000,0,3f096362,245,245,245,1,0,1,01,01,0,0,0
126,126,0,5606b492,1,00000000,0,3f096362,245,245,245,1,0,1,01,01,0,0,0
127,127,0,5606b492,1,00000000,0,3f096362,245,245,245,1,0,1,01,01,0,0,0
128,128,0,5606b492,1,00000000,0,3f096362,245,245,245,1,0,1,01,01,0,0,0
129,129,0,5606b492,1,00000000,0,3f096362,245,245,245,1,0,1,01,01,0,0,0
130,130,0,5606b492,1,00000000,0,3f096362,245,245,245,1,0,1,01,01,0,0,0
131,131,0,5606b492,1,00000000,0,3f096362,245,245,245,1,0,1,01,01,0,0,0
132,132,0,5606b492,1,00000000,0,3f096362,245,245,245,1,0,1,01,01,0,0,0
133,133,0,5606b492,1,00000000,0,3f096362,245,245,245,1,0,1,01,01,0,0,0
134,134,0,5606b492,1,00000000,0,3f096362,245,245,245,1,0,1,01,01,0,0,0
135,135,0,5606b492,1,00000000,0,3f096362,245,245,245,1,0,1,01,01,0,0,0
136,136,0,5606b492,1,00000000,0,3f096362,245,245,245,1,0,1,01,01,0,0,0
137,137,0,5606b492,1,00000000,0,3f096362,245,245,245,1,0,1,01,01,0,0,0
138,138,0,5606b492,1,00000000,0,3f096362,245,245,245,1,0,1,01,01,0,0,0
139,139,0,5606b492,1,00000000,0,3f096362,245,245,245,1,0,1,01,01,0,0,0
140,140,0,5606b492,1,00000000,0,3f096362,245,245,245,1,0,1,01,01,0,0,0
141,141,0,5606b492,1,00000000,0,3f096362,245,245,245,1,0,1,01,01,0,0,0
142,142,0,5606b492,1,00000000,0,3f096362,245,245,245,1,0,1,01,01,0,0,0
143,143,0,5606b492,1,00000000,0,3f096362,245,245,245,1,0,1,01,01,0,0,0
144,144,0,5606b492,1,00000000,0,3f096362,245,245,245,1,0,1,01,01,0,0,0
145,145,0,5606b492,1,00000000,0,3f096362,245,245,245,1,0,1,01,01,0,0,0
146,146,0,5606b492,1,00000000,0,3f096362,245,245,245,1,0,1,01,01,0,0,0
147,147,0,5606b492,1,00000000,0,3f096362,245,245,245,1,0,1,01,01,0,0,0
148,148,0,5606b492,1,00000000,0,3f096362,245,245,245,1,0,1,01,01,0,0,0
149,149,0,5606b492,1,00000000,0,3f096362,245,245,245,1,0,1,01,01,0,0,0
150,150,0,5606b492,1,00000000,0,3f096362,245,245,245,1,0,1,01,01,0,0,0
151,151,0,5606b492,1,00000000,0,3f096362,245,245,245,1,0,1,01,01,0,0,0
152,152,0,5606b492,1,00000000,0,3f096362,245,245,245,1,0,1,01,01,0,0,0
153,153,0,5606b492,1,00000000,0,3f096362,245,245,245,1,0,1,01,01,0,0,0
154,154,0,5606b492,1,00000000,0,3f096362,245,245,245,1,0,1,01,01,0,0,0
155,155,0,5606b492,1,00000000,0,3f096362,245,245,245,1,0,1,01,01,0,0,0
156,156,0,5606b492,1,00000000,0,3f096362,245,245,245,1,0,1,01,01,0,0,0
157,157,0,5606b492,1,00000000,0,3f096362,245,245,245,1,0,1,01,01,0,0,0
158,158,0,5606b492,1,00000000,0,3f096362,245,245,245,1,0,1,01,01,0,0,0
159,159,0,5606b492,1,00000000,0,3f096362,245,245,245,1,0,1,01,01,0,0,0
160,160,0,5606b492,1,00000000,0,3f096362,245,245,245,1,0,1,01,01,0,0,0
161,161,0,5606b492,1,00000000,0,3f096362,245,245,245,1,0,1,01,01,0,0,0
162,162,0,5606b492,1,00000000,0,3f096362,245,245,245,1,0,1,01,01,0,0,0
163,163,0,5606b492,1,00000000,0,3f096362,245,245,245,1,0,1,01,01,0,0,0
164,164,0,5606b492,1,00000000,0,3f096362,245,245,245,1,0,1,01,01,0,0,0
165,165,0,5606b492,1,00000000,0,3f096362,245,245,245,1,0,1,01,01,0,0,0
166,166,0,5606b492,1,00000000,0,3f096362,245,245,245,1,0,1,01,01,0,0,0
167,167,0,5606b492,1,00000000,0,3f096362,245,245,245,1,0,1,01,01,0,0,0
168,168,0,5606b492,1,00000000,0,3f096362,245,245,245,1,0,1,01,01,0,0,0
169,169,0,5606b492,1,00000000,0,3f096362,245,245,245,1,0,1,01,01,0,0,0
170,170,0,5606b492,1,00000000,0,3f096362,245,245,245,1,0,1,01,01,0,0,0
171,171,0,5606b492,1,00000000,0,3f096362,245,245,245,1,0,1,01,01,0,0,0
172,172,0,5606b492,1,00000000,0,3f096362,245,245,245,1,0,1,01,01,0,0,0
173,173,0,5606b492,1,00000000,0,3f096362,245,245,245,1,0,1,01,01,0,0,0
174,174,0,5606b492,1,00000000,0,3f096362,245,245,245,1,0,1,01,01,0,0,0
175,175,0,5606b492,1,00000000,0,3f096362,245,245,245,1,0,1,01,01,0,0,0
176,176,0,5606b492,1,00000000,0,3f096362,245,245,245,1,0,1,01,01,0,0,0
177,177,0,5606b492,1,00000000,0,3f096362,245,245,245,1,0,1,01,01,0,0,0
178,178,0,5606b492,1,00000000,0,3f096362,245,245,245,1,0,1,01,01,0,0,0
179,179,0,5606b492,1,00000000,0,3f096362,245,245,245,1,0,1,01,01,0,0,0
180,180,0,5606b492,1,00000000,0,3f096362,245,245,245,1,0,1,01,01,0,0,0
181,181,0,5606b492,1,00000000,0,3f096362,245,245,245,1,0,1,01,01,0,0,0
182,182,0,5606b492,1,00000000,0,3f096362,245,245,245,1,0,1,01,01,0,0,0
183,183,0,5606b492,1,00000000,0,3f096362,245,245,245,1,0,1,01,01,0,0,0
184,184,0,5606b492,1,00000000,0,3f096362,245,245,245,1,0,1,01,01,0,0,0
185,185,0,5606b492,1,00000000,0,3f096362,245,245,245,1,0,1,01,01,0,0,0
186,186,0,5606b492,1,00000000,0,3f096362,245,245,245,1,0,1,01,01,0,0,0
187,187,0,5606b492,1,00000000,0,3f096362,245,245,245,1,0,1,01,01,0,0,0
188,188,0,5606b492,1,00000000,0,3f096362,245,245,245,1,0,1,01,01,0,0,0
189,189,0,5606b492,1,00000000,0,3f096362,245,245,245,1,0,1,01,01,0,0,0
190,190,0,5606b492,1,00000000,0,3f096362,245,245,245,1,0,1,01,01,0,0,0
191,191,0,5606b492,1,00000000,0,3f096362,245,245,245,1,0,1,01,01,0,0,0
192,192,0,5606b492,1,00000000,0,3f096362,245,245,245,1,0,1,01,01,0,0,0
193,193,0,5606b492,1,00000000,0,3f096362,245,245,245,1,0,1,01,01,0,0,0
194,194,0,5606b492,1,00000000,0,3f096362,245,245,245,1,0,1,01,01,0,0,0
195,195,0,5606b492,1,00000000,0,3f096362,245,245,245,1,0,1,01,01,0,0,0
196,196,0,5606b492,1,00000000,0,3f096362,245,245,245,1,0,1,01,01,0,0,0
197,197,0,5606b492,1,00000000,0,3f096362,245,245,245,1,0,1,01,01,0,0,0
198,198,0,5606b492,1,00000000,0,3f096362,245,245,245,1,0,1,01,01,0,0,0
199,199,0,5606b492,1,00000000,0,3f096362,245,245,245,1,0,1,01,01,0,0,0
200,200,0,5606b492,1,00000000,0,3f096362,245,245,245,1,0,1,01,01,0,0,0
201,201,0,5606b492,1,00000000,0,3f096362,245,245,245,1,0,1,01,01,0,0,0
202,202,0,5606b492,1,00000000,0,3f096362,245,245,245,1,0,1,01,01,0,0,0
203,203,0,5606b492,1,00000000,0,3f096362,245,245,245,1,0,1,01,01,0,0,0
204,204,0,5606b492,1,00000000,0,3f096362,245,245,245,1,0,1,01,01,0,0,0
205,205,0,5606b492,1,00000000,0,3f096362,245,245,245,1,0,1,01,01,0,0,0
206,206,0,5606b492,1,00000000,0,3f096362,245,245,245,1,0,1,01,01,0,0,0
207,207,0,5606b492,1,00000000,0,3f096362,245,245,245,1,0,1,01,01,0,0,0
208,208,0,5606b492,1,00000000,0,3f096362,245,245,245,1,0,1,01,01,0,0,0
209,209,0,5606b492,1,00000000,0,3f096362,245,245,245,1,0,1,01,01,0,0,0
210,210,0,5606b492,1,00000000,0,3f096362,245,245,245,1,0,1,01,01,0,0,0
211,211,0,5606b492,1,00000000,0,3f096362,245,245,245,1,0,1,01,01,0,0,0
212,212,0,5606b492,1,00000000,0,3f096362,245,245,245,1,0,1,01,01,0,0,0
213,213,0,5606b492,1,00000000,0,3f096362,245,245,245,1,0,1,01,01,0,0,0
214,214,0,5606b492,1,00000000,0,3f096362,245,245,245,1,0,1,01,01,0,0,0
215,215,0,5606b492,1,00000000,0,3f096362,245,245,245,1,0,1,01,01,0,0,0
216,216,0,5606b492,1,00000000,0,3f096362,245,245,245,1,0,1,01,01,0,0,0
217,217,0,5606b492,1,00000000,0,3f096362,245,245,245,1,0,1,01,01,0,0,0
218,218,0,5606b492,1,00000000,0,3f096362,245,245,245,1,0,1,01,01,0,0,0
219,219,0,5606b492,1,00000000,0,3f096362,245,245,245,1,0,1,01,01,0,0,0
220,220,0,5606b492,1,00000000,0,3f096362,245,245,245,1,0,1,01,01,0,0,0
221,221,0,5606b492,1,00000000,0,3f096362,245,245,245,1,0,1,01,01,0,0,0
222,222,0,5606b492,1,00000000,0,3f096362,245,245,245,1,0,1,01,01,0,0,0
223,223,0,5606b492,1,00000000,0,3f096362,245,245,245,1,0,1,01,01,0,0,0
224,224,0,5606b492,1,00000000,0,3f096362,245,245,245,1,0,1,01,01,0,0,0
225,225,0,5606b492,1,00000000,0,3f096362,245,245,245,1,0,1,01,01,0,0,0
226,226,0,5606b492,1,00000000,0,3f096362,245,245,245,1,0,1,01,01,0,0,0
227,227,0,5606b492,1,00000000,0,3f096362,245,245,245,1,0,1,01,01,0,0,0
228,228,0,5606b492,1,00000000,0,3f096362,245,245,245,1,0,1,01,01,0,0,0
229,229,0,5606b492,1,00000000,0,3f096362,245,245,245,1,0,1,01,01,0,0,0
230,230,0,5606b492,1,00000000,0,3f096362,245,245,245,1,0,1,01,01,0,0,0
231,231,0,5606b492,1,00000000,0,3f096362,245,245,245,1,0,1,01,01,0,0,0
232,232,0,5606b492,1,00000000,0,3f096362,245,245,245,1,0,1,01,01,0,0,0
233,233,0,5606b492,1,00000000,0,3f096362,245,245,245,1,0,1,01,01,0,0,0
234,234,0,7e72bd45,0,00000000,0,3f096362,245,245,245,1,0,1,01,01,0,0,0
235,235,0,7e72bd45,1,00000000,0,3f096362,246,245,245,0,0,1,01,01,0,0,0
236,236,0,7e72bd45,1,00000000,0,7e72bd45,246,245,245,0,0,1,01,01,1,0,0
237,237,0,7e72bd45,1,00000000,0,7e72bd45,246,245,245,0,0,1,01,01,1,0,0
238,238,0,7e72bd45,1,00000000,0,7e72bd45,246,245,245,0,0,1,01,01,1,0,0
239,239,0,7e72bd45,1,00000000,0,7e72bd45,246,245,245,0,0,1,01,01,1,0,0
240,240,0,7e72bd45,1,00000000,0,7e72bd45,246,245,245,0,0,1,01,01,1,0,0
241,241,0,7e72bd45,1,00000000,0,7e72bd45,246,245,245,0,0,1,01,01,1,0,0
242,242,0,7e72bd45,1,00000000,0,7e72bd45,246,245,245,0,0,1,01,01,1,0,0
243,243,0,7e72bd45,1,00000000,0,7e72bd45,246,245,245,0,0,1,01,01,1,0,0
244,244,0,7e72bd45,1,00000000,0,7e72bd45,246,245,245,0,0,1,01,01,1,0,0
245,245,0,7e72bd45,1,00000000,0,7e72bd45,246,245,245,0,0,1,01,01,1,0,0
246,246,0,7e72bd45,1,00000000,0,7e72bd45,246,245,245,0,0,1,01,01,1,0,0
247,247,0,7e72bd45,1,00000000,0,7e72bd45,246,245,245,0,0,1,01,01,1,0,0
248,248,0,7e72bd45,1,00000000,0,7e72bd45,246,245,245,0,0,1,01,01,1,0,0
249,249,0,7e72bd45,1,00000000,0,7e72bd45,246,245,245,0,0,1,01,01,1,0,0
250,250,0,9672e350,0,00000000,0,7e72bd45,246,245,245,0,0,1,01,01,1,0,0
251,251,0,9672e350,1,00000000,0,7e72bd45,247,245,245,0,0,1,01,01,1,0,0
252,252,0,9672e350,1,00000000,0,7e72bd45,247,245,245,0,0,1,01,01,1,0,0
253,253,0,9672e350,1,00000000,0,7e72bd45,247,245,245,0,0,1,01,01,1,0,0
254,254,0,9672e350,1,00000000,0,7e72bd45,247,245,245,0,0,1,01,01,1,0,0
255,255,0,9672e350,1,00000000,0,7e72bd45,247,245,245,0,0,1,01,01,1,0,0
256,256,0,9672e350,1,00000000,0,7e72bd45,247,245,245,0,0,1,01,01,1,0,0
257,257,0,9672e350,1,00000000,0,7e72bd45,247,245,245,0,0,1,01,01,1,0,0
258,258,0,9672e350,1,00000000,0,7e72bd45,247,245,245,0,0,1,01,01,1,0,0
259,259,0,9672e350,1,00000000,0,7e72bd45,247,245,245,0,0,1,01,01,1,0,0
260,260,0,9672e350,1,00000000,0,7e72bd45,247,245,245,0,0,1,01,01,1,0,0
261,261,0,9672e350,1,00000000,0,7e72bd45,247,245,245,0,0,1,01,01,1,0,0
262,262,0,9672e350,1,00000000,0,7e72bd45,247,245,245,0,0,1,01,01,1,0,0
263,263,0,9672e350,1,00000000,0,7e72bd45,247,245,245,0,0,1,01,01,1,0,0
264,264,0,9672e350,1,00000000,0,7e72bd45,247,245,245,0,0,1,01,01,1,0,0
265,265,0,9672e350,1,00000000,0,7e72bd45,247,245,245,0,0,1,01,01,1,0,0
266,266,0,9672e350,1,00000000,0,7e72bd45,247,245,245,0,0,1,01,01,1,0,0
267,267,0,9672e350,1,00000000,0,7e72bd45,247,245,245,0,0,1,01,01,1,0,0
268,268,0,9672e350,1,00000000,0,7e72bd45,247,245,245,0,0,1,01,01,1,0,0
269,269,0,9672e350,1,00000000,0,7e72bd45,247,245,245,0,0,1,01,01,1,0,0
270,270,0,6e73306d,0,00000000,0,7e72bd45,247,245,245,0,0,1,01,01,1,0,0
271,271,0,6e73306d,1,00000000,0,7e72bd45,248,245,245,0,0,1,01,01,1,0,0
272,272,0,6e73306d,1,00000000,0,7e72bd45,248,245,245,0,0,1,01,01,1,0,0
273,273,0,6e73306d,1,00000000,0,7e72bd45,248,245,245,0,0,1,01,01,1,0,0
274,274,0,66733682,0,00000000,0,7e72bd45,248,245,245,0,0,1,01,01,1,0,0
275,275,0,66733682,1,00000000,0,7e72bd45,249,245,245,0,0,1,01,01,1,0,0
276,276,0,66733682,1,00000000,0,7e72bd45,249,245,245,0,0,1,01,01,1,0,0
277,277,0,66733682,1,00000000,0,7e72bd45,249,245,245,0,0,1,01,01,1,0,0
278,278,0,66733682,1,00000000,0,7e72bd45,249,245,245,0,0,1,01,01,1,0,0
279,279,0,66733682,1,00000000,0,7e72bd45,249,245,245,0,0,1,01,01,1,0,0
280,280,0,66733682,1,00000000,0,7e72bd45,249,245,245,0,0,1,01,01,1,0,0
281,281,0,66733682,1,00000000,0,7e72bd45,249,245,245,0,0,1,01,01,1,0,0
282,282,0,66733682,1,00000000,0,7e72bd45,249,245,245,0,0,1,01,01,1,0,0
283,283,0,66733682,1,00000000,0,7e72bd45,249,245,245,0,0,1,01,01,1,0,0
284,284,0,66733682,1,00000000,0,7e72bd45,249,245,245,0,0,1,01,01,1,0,0
285,285,0,66733682,1,00000000,0,7e72bd45,249,245,245,0,0,1,01,01,1,0,0
286,286,0,66733682,1,00000000,0,7e72bd45,249,245,245,0,0,1,01,01,1,0,0
287,287,0,66733682,1,00000000,0,7e72bd45,249,245,245,0,0,1,01,01,1,0,0
288,288,0,66733682,1,00000000,0,7e72bd45,249,245,245,0,0,1,01,01,1,0,0
289,289,0,66733682,1,00000000,0,7e72bd45,249,245,245,0,0,1,01,01,1,0,0
290,290,0,66733682,1,00000000,0,7e72bd45,249,245,245,0,0,1,01,01,1,0,0
291,291,0,66733682,1,00000000,0,7e72bd45,249,245,245,0,0,1,01,01,1,0,0
292,292,0,66733682,1,00000000,0,7e72bd45,249,245,245,0,0,1,01,01,1,0,0
293,293,0,66733682,1,00000000,0,7e72bd45,249,245,245,0,0,1,01,01,1,0,0
294,294,0,66733682,1,00000000,0,7e72bd45,249,245,245,0,0,1,01,01,1,0,0
295,295,0,66733682,1,00000000,0,7e72bd45,249,245,245,0,0,1,01,01,1,0,0
296,296,0,66733682,1,00000000,0,7e72bd45,249,245,245,0,0,1,01,01,1,0,0
297,297,0,66733682,1,00000000,0,7e72bd45,249,245,245,0,0,1,01,01,1,0,0
298,298,0,66733682,1,00000000,0,7e72bd45,249,245,245,0,0,1,01,01,1,0,0
299,299,0,66733682,1,00000000,0,7e72bd45,249,245,245,0,0,1,01,01,1,0,0
300,300,0,66733682,1,00000000,0,7e72bd45,249,245,245,0,0,1,01,01,1,0,0
301,301,0,66733682,1,00000000,0,7e72bd45,249,245,245,0,0,1,01,01,1,0,0
302,302,0,66733682,1,00000000,0,7e72bd45,249,245,245,0,0,1,01,01,1,0,0
303,303,0,66733682,1,00000000,0,7e72bd45,249,245,245,0,0,1,01,01,1,0,0
304,304,0,66733682,1,00000000,0,7e72bd45,249,245,245,0,0,1,01,01,1,0,0
305,305,0,66733682,1,00000000,0,7e72bd45,249,245,245,0,0,1,01,01,1,0,0
306,306,0,66733682,1,00000000,0,7e72bd45,249,245,245,0,0,1,01,01,1,0,0
307,307,0,66733682,1,00000000,0,7e72bd45,249,245,245,0,0,1,01,01,1,0,0
308,308,0,66733682,1,00000000,0,7e72bd45,249,245,245,0,0,1,01,01,1,0,0
309,309,0,66733682,1,00000000,0,7e72bd45,249,245,245,0,0,1,01,01,1,0,0
310,310,0,66733682,1,00000000,0,7e72bd45,249,245,245,0,0,1,01,01,1,0,0
311,311,0,66733682,1,00000000,0,7e72bd45,249,245,245,0,0,1,01,01,1,0,0
312,312,0,66733682,1,00000000,0,7e72bd45,249,245,245,0,0,1,01,01,1,0,0
313,313,0,66733682,1,00000000,0,7e72bd45,249,245,245,0,0,1,01,01,1,0,0
314,314,0,66733682,1,00000000,0,7e72bd45,249,245,245,0,0,1,01,01,1,0,0
315,315,0,66733682,1,00000000,0,7e72bd45,249,245,245,0,0,1,01,01,1,0,0
316,316,0,66733682,1,00000000,0,7e72bd45,249,245,245,0,0,1,01,01,1,0,0
317,317,0,66733682,1,00000000,0,7e72bd45,249,245,245,0,0,1,01,01,1,0,0
318,318,0,66733682,1,00000000,0,7e72bd45,249,245,245,0,0,1,01,01,1,0,0
319,319,0,66733682,1,00000000,0,7e72bd45,249,245,245,0,0,1,01,01,1,0,0
320,320,0,66733682,1,00000000,0,7e72bd45,249,245,245,0,0,1,01,01,1,0,0
321,321,0,66733682,1,00000000,0,7e72bd45,249,245,245,0,0,1,01,01,1,0,0
322,322,0,66733682,1,00000000,0,7e72bd45,249,245,245,0,0,1,01,01,1,0,0
323,323,0,66733682,1,00000000,0,7e72bd45,249,245,245,0,0,1,01,01,1,0,0
324,324,0,66733682,1,00000000,0,7e72bd45,249,245,245,0,0,1,01,01,1,0,0
325,325,0,66733682,1,00000000,0,7e72bd45,249,245,245,0,0,1,01,01,1,0,0
326,326,0,66733682,1,00000000,0,7e72bd45,249,245,245,0,0,1,01,01,1,0,0
327,327,0,66733682,1,00000000,0,7e72bd45,249,245,245,0,0,1,01,01,1,0,0
328,328,0,66733682,1,00000000,0,7e72bd45,249,245,245,0,0,1,01,01,1,0,0
329,329,0,66733682,1,00000000,0,7e72bd45,249,245,245,0,0,1,01,01,1,0,0
330,330,0,66733682,1,00000000,0,7e72bd45,249,245,245,0,0,1,01,01,1,0,0
331,331,0,66733682,1,00000000,0,7e72bd45,249,245,245,0,0,1,01,01,1,0,0
332,332,0,66733682,1,00000000,0,7e72bd45,249,245,245,0,0,1,01,01,1,0,0
333,333,0,66733682,1,00000000,0,7e72bd45,249,245,245,0,0,1,01,01,1,0,0
334,334,0,66733682,1,00000000,0,7e72bd45,249,245,245,0,0,1,01,01,1,0,0
335,335,0,66733682,1,00000000,0,7e72bd45,249,245,245,0,0,1,01,01,1,0,0
336,336,0,66733682,1,00000000,0,7e72bd45,249,245,245,0,0,1,01,01,1,0,0
337,337,0,66733682,1,00000000,0,7e72bd45,249,245,245,0,0,1,01,01,1,0,0
338,338,0,66733682,1,00000000,0,7e72bd45,249,245,245,0,0,1,01,01,1,0,0
339,339,0,66733682,1,00000000,0,7e72bd45,249,245,245,0,0,1,01,01,1,0,0
340,340,0,66733682,1,00000000,0,7e72bd45,249,245,245,0,0,1,01,01,1,0,0
341,341,0,66733682,1,00000000,0,7e72bd45,249,245,245,0,0,1,01,01,1,0,0
342,342,0,66733682,1,00000000,0,7e72bd45,249,245,245,0,0,1,01,01,1,0,0
343,343,0,66733682,1,00000000,0,7e72bd45,249,245,245,0,0,1,01,01,1,0,0
344,344,0,66733682,1,00000000,0,7e72bd45,249,245,245,0,0,1,01,01,1,0,0
345,345,0,66733682,1,00000000,0,7e72bd45,249,245,245,0,0,1,01,01,1,0,0
346,346,0,66733682,1,00000000,0,7e72bd45,249,245,245,0,0,1,01,01,1,0,0
347,347,0,66733682,1,00000000,0,7e72bd45,249,245,245,0,0,1,01,01,1,0,0
348,348,0,66733682,1,00000000,0,7e72bd45,249,245,245,0,0,1,01,01,1,0,0
349,349,0,66733682,1,00000000,0,7e72bd45,249,245,245,0,0,1,01,01,1,0,0
350,350,0,66733682,1,00000000,0,7e72bd45,249,245,245,0,0,1,01,01,1,0,0
351,351,0,66733682,1,00000000,0,7e72bd45,249,245,245,0,0,1,01,01,1,0,0
352,352,0,66733682,1,00000000,0,7e72bd45,249,245,245,0,0,1,01,01,1,0,0
353,353,0,66733682,1,00000000,0,7e72bd45,249,245,245,0,0,1,01,01,1,0,0
354,354,0,66733682,1,00000000,0,7e72bd45,249,245,245,0,0,1,01,01,1,0,0
355,355,0,66733682,1,00000000,0,7e72bd45,249,245,245,0,0,1,01,01,1,0,0
356,356,0,66733682,1,00000000,0,7e72bd45,249,245,245,0,0,1,01,01,1,0,0
357,357,0,66733682,1,00000000,0,7e72bd45,249,245,245,0,0,1,01,01,1,0,0
358,358,0,66733682,1,00000000,0,7e72bd45,249,245,245,0,0,1,01,01,1,0,0
359,359,0,66733682,1,00000000,0,7e72bd45,249,245,245,0,0,1,01,01,1,0,0
360,360,0,66733682,1,00000000,0,7e72bd45,249,245,245,0,0,1,01,01,1,0,0
361,361,0,66733682,1,00000000,0,7e72bd45,249,245,245,0,0,1,01,01,1,0,0
362,362,0,66733682,1,00000000,0,7e72bd45,249,245,245,0,0,1,01,01,1,0,0
363,363,0,66733682,1,00000000,0,7e72bd45,249,245,245,0,0,1,01,01,1,0,0
364,364,0,66733682,1,00000000,0,7e72bd45,249,245,245,0,0,1,01,01,1,0,0
365,365,0,66733682,1,00000000,0,7e72bd45,249,245,245,0,0,1,01,01,1,0,0
366,366,0,66733682,1,00000000,0,7e72bd45,249,245,245,0,0,1,01,01,1,0,0
367,367,0,66733682,1,00000000,0,7e72bd45,249,245,245,0,0,1,01,01,1,0,0
368,368,0,66733682,1,00000000,0,7e72bd45,249,245,245,0,0,1,01,01,1,0,0
369,369,0,66733682,1,00000000,0,7e72bd45,249,245,245,0,0,1,01,01,1,0,0
370,370,0,66733682,1,00000000,0,7e72bd45,249,245,245,0,0,1,01,01,1,0,0
371,371,0,66733682,1,00000000,0,7e72bd45,249,245,245,0,0,1,01,01,1,0,0
372,372,0,66733682,1,00000000,0,7e72bd45,249,245,245,0,0,1,01,01,1,0,0
373,373,0,66733682,1,00000000,0,7e72bd45,249,245,245,0,0,1,01,01,1,0,0
374,374,0,66733682,1,00000000,0,7e72bd45,249,245,245,0,0,1,01,01,1,0,0
375,375,0,66733682,1,00000000,0,7e72bd45,249,245,245,0,0,1,01,01,1,0,0
376,376,0,66733682,1,00000000,0,7e72bd45,249,245,245,0,0,1,01,01,1,0,0
377,377,0,66733682,1,00000000,0,7e72bd45,249,245,245,0,0,1,01,01,1,0,0
378,378,0,66733682,1,00000000,0,7e72bd45,249,245,245,0,0,1,01,01,1,0,0
379,379,0,66733682,1,00000000,0,7e72bd45,249,245,245,0,0,1,01,01,1,0,0
380,380,0,66733682,1,00000000,0,7e72bd45,249,245,245,0,0,1,01,01,1,0,0
381,381,0,66733682,1,00000000,0,7e72bd45,249,245,245,0,0,1,01,01,1,0,0
382,382,0,66733682,1,00000000,0,7e72bd45,249,245,245,0,0,1,01,01,1,0,0
383,383,0,66733682,1,00000000,0,7e72bd45,249,245,245,0,0,1,01,01,1,0,0
384,384,0,66733682,1,00000000,0,7e72bd45,249,245,245,0,0,1,01,01,1,0,0
385,385,0,66733682,1,00000000,0,7e72bd45,249,245,245,0,0,1,01,01,1,0,0
386,386,0,66733682,1,00000000,0,7e72bd45,249,245,245,0,0,1,01,01,1,0,0
387,387,0,66733682,1,00000000,0,7e72bd45,249,245,245,0,0,1,01,01,1,0,0
388,388,0,66733682,1,00000000,0,7e72bd45,249,245,245,0,0,1,01,01,1,0,0
389,389,0,66733682,1,00000000,0,7e72bd45,249,245,245,0,0,1,01,01,1,0,0
390,390,0,66733682,1,00000000,0,7e72bd45,249,245,245,0,0,1,01,01,1,0,0
391,391,0,66733682,1,00000000,0,7e72bd45,249,245,245,0,0,1,01,01,1,0,0
392,392,0,66733682,1,00000000,0,7e72bd45,249,245,245,0,0,1,01,01,1,0,0
393,393,0,66733682,1,00000000,0,7e72bd45,249,245,245,0,0,1,01,01,1,0,0
394,394,0,66733682,1,00000000,0,7e72bd45,249,245,245,0,0,1,01,01,1,0,0
395,395,0,66733682,1,00000000,0,7e72bd45,249,245,245,0,0,1,01,01,1,0,0
396,396,0,66733682,1,00000000,0,7e72bd45,249,245,245,0,0,1,01,01,1,0,0
397,397,0,66733682,1,00000000,0,7e72bd45,249,245,245,0,0,1,01,01,1,0,0
398,398,0,66733682,1,00000000,0,7e72bd45,249,245,245,0,0,1,01,01,1,0,0
399,399,0,66733682,1,00000000,0,7e72bd45,249,245,245,0,0,1,01,01,1,0,0
400,400,0,66733682,1,00000000,0,7e72bd45,249,245,245,0,0,1,01,01,1,0,0
401,401,0,66733682,1,00000000,0,7e72bd45,249,245,245,0,0,1,01,01,1,0,0
402,402,0,66733682,1,00000000,0,7e72bd45,249,245,245,0,0,1,01,01,1,0,0
403,403,0,66733682,1,00000000,0,7e72bd45,249,245,245,0,0,1,01,01,1,0,0
404,404,0,66733682,1,00000000,0,7e72bd45,249,245,245,0,0,1,01,01,1,0,0
405,405,0,66733682,1,00000000,0,7e72bd45,249,245,245,0,0,1,01,01,1,0,0
406,406,0,66733682,1,00000000,0,7e72bd45,249,245,245,0,0,1,01,01,1,0,0
407,407,0,66733682,1,00000000,0,7e72bd45,249,245,245,0,0,1,01,01,1,0,0
408,408,0,66733682,1,00000000,0,7e72bd45,249,245,245,0,0,1,01,01,1,0,0
409,409,0,66733682,1,00000000,0,7e72bd45,249,245,245,0,0,1,01,01,1,0,0
410,410,0,66733682,1,00000000,0,7e72bd45,249,245,245,0,0,1,01,01,1,0,0
411,411,0,66733682,1,00000000,0,7e72bd45,249,245,245,0,0,1,01,01,1,0,0
412,412,0,66733682,1,00000000,0,7e72bd45,249,245,245,0,0,1,01,01,1,0,0
413,413,0,66733682,1,00000000,0,7e72bd45,249,245,245,0,0,1,01,01,1,0,0
414,414,0,66733682,1,00000000,0,7e72bd45,249,245,245,0,0,1,01,01,1,0,0
415,415,0,66733682,1,00000000,0,7e72bd45,249,245,245,0,0,1,01,01,1,0,0
416,416,0,66733682,1,00000000,0,7e72bd45,249,245,245,0,0,1,01,01,1,0,0
417,417,0,66733682,1,00000000,0,7e72bd45,249,245,245,0,0,1,01,01,1,0,0
418,418,0,66733682,1,00000000,0,7e72bd45,249,245,245,0,0,1,01,01,1,0,0
419,419,0,66733682,1,00000000,0,7e72bd45,249,245,245,0,0,1,01,01,1,0,0
420,420,0,66733682,1,00000000,0,7e72bd45,249,245,245,0,0,1,01,01,1,0,0
421,421,0,66733682,1,00000000,0,7e72bd45,249,245,245,0,0,1,01,01,1,0,0
422,422,0,66733682,1,00000000,0,7e72bd45,249,245,245,0,0,1,01,01,1,0,0
423,423,0,66733682,1,00000000,0,7e72bd45,249,245,245,0,0,1,01,01,1,0,0
424,424,0,66733682,1,00000000,0,7e72bd45,249,245,245,0,0,1,01,01,1,0,0
425,425,0,66733682,1,00000000,0,7e72bd45,249,245,245,0,0,1,01,01,1,0,0
426,426,0,66733682,1,00000000,0,7e72bd45,249,245,245,0,0,1,01,01,1,0,0
427,427,0,66733682,1,00000000,0,7e72bd45,249,245,245,0,0,1,01,01,1,0,0
428,428,0,66733682,1,00000000,0,7e72bd45,249,245,245,0,0,1,01,01,1,0,0
429,429,0,66733682,1,00000000,0,7e72bd45,249,245,245,0,0,1,01,01,1,0,0
430,430,0,66733682,1,00000000,0,7e72bd45,249,245,245,0,0,1,01,01,1,0,0
431,431,0,66733682,1,00000000,0,7e72bd45,249,245,245,0,0,1,01,01,1,0,0
432,432,0,66733682,1,00000000,0,7e72bd45,249,245,245,0,0,1,01,01,1,0,0
433,433,0,66733682,1,00000000,0,7e72bd45,249,245,245,0,0,1,01,01,1,0,0
434,434,0,66733682,1,00000000,0,7e72bd45,249,245,245,0,0,1,01,01,1,0,0
435,435,0,66733682,1,00000000,0,7e72bd45,249,245,245,0,0,1,01,01,1,0,0
436,436,0,66733682,1,00000000,0,7e72bd45,249,245,245,0,0,1,01,01,1,0,0
437,437,0,66733682,1,00000000,0,7e72bd45,249,245,245,0,0,1,01,01,1,0,0
438,438,0,66733682,1,00000000,0,7e72bd45,249,245,245,0,0,1,01,01,1,0,0
439,439,0,66733682,1,00000000,0,7e72bd45,249,245,245,0,0,1,01,01,1,0,0
440,440,0,66733682,1,00000000,0,7e72bd45,249,245,245,0,0,1,01,01,1,0,0
441,441,0,66733682,1,00000000,0,7e72bd45,249,245,245,0,0,1,01,01,1,0,0
442,442,0,66733682,1,00000000,0,7e72bd45,249,245,245,0,0,1,01,01,1,0,0
443,443,0,66733682,1,00000000,0,7e72bd45,249,245,245,0,0,1,01,01,1,0,0
444,444,0,66733682,1,00000000,0,7e72bd45,249,245,245,0,0,1,01,01,1,0,0
445,445,0,66733682,1,00000000,0,7e72bd45,249,245,245,0,0,1,01,01,1,0,0
446,446,0,66733682,1,00000000,0,7e72bd45,249,245,245,0,0,1,01,01,1,0,0
447,447,0,66733682,1,00000000,0,7e72bd45,249,245,245,0,0,1,01,01,1,0,0
448,448,0,66733682,1,00000000,0,7e72bd45,249,245,245,0,0,1,01,01,1,0,0
449,449,0,66733682,1,00000000,0,7e72bd45,249,245,245,0,0,1,01,01,1,0,0
450,450,0,66733682,1,00000000,0,7e72bd45,249,245,245,0,0,1,01,01,1,0,0
451,451,0,66733682,1,00000000,0,7e72bd45,249,245,245,0,0,1,01,01,1,0,0
452,452,0,66733682,1,00000000,0,7e72bd45,249,245,245,0,0,1,01,01,1,0,0
453,453,0,66733682,1,00000000,0,7e72bd45,249,245,245,0,0,1,01,01,1,0,0
454,454,0,66733682,1,00000000,0,7e72bd45,249,245,245,0,0,1,01,01,1,0,0
455,455,0,66733682,1,00000000,0,7e72bd45,249,245,245,0,0,1,01,01,1,0,0
456,456,0,66733682,1,00000000,0,7e72bd45,249,245,245,0,0,1,01,01,1,0,0
457,457,0,66733682,1,00000000,0,7e72bd45,249,245,245,0,0,1,01,01,1,0,0
458,458,0,66733682,1,00000000,0,7e72bd45,249,245,245,0,0,1,01,01,1,0,0
459,459,0,66733682,1,00000000,0,7e72bd45,249,245,245,0,0,1,01,01,1,0,0
460,460,0,66733682,1,00000000,0,7e72bd45,249,245,245,0,0,1,01,01,1,0,0
461,461,0,66733682,1,00000000,0,7e72bd45,249,245,245,0,0,1,01,01,1,0,0
462,462,0,66733682,1,00000000,0,7e72bd45,249,245,245,0,0,1,01,01,1,0,0
463,463,0,66733682,1,00000000,0,7e72bd45,249,245,245,0,0,1,01,01,1,0,0
464,464,0,66733682,1,00000000,0,7e72bd45,249,245,245,0,0,1,01,01,1,0,0
465,465,0,66733682,1,00000000,0,7e72bd45,249,245,245,0,0,1,01,01,1,0,0
466,466,0,66733682,1,00000000,0,7e72bd45,249,245,245,0,0,1,01,01,1,0,0
467,467,0,66733682,1,00000000,0,7e72bd45,249,245,245,0,0,1,01,01,1,0,0
468,468,0,66733682,1,00000000,0,7e72bd45,249,245,245,0,0,1,01,01,1,0,0
469,469,0,66733682,1,00000000,0,7e72bd45,249,245,245,0,0,1,01,01,1,0,0
470,470,0,66733682,1,00000000,0,7e72bd45,249,245,245,0,0,1,01,01,1,0,0
471,471,0,66733682,1,00000000,0,7e72bd45,249,245,245,0,0,1,01,01,1,0,0
472,472,0,66733682,1,00000000,0,7e72bd45,249,245,245,0,0,1,01,01,1,0,0
473,473,0,66733682,1,00000000,0,7e72bd45,249,245,245,0,0,1,01,01,1,0,0
474,474,0,66733682,1,00000000,0,7e72bd45,249,245,245,0,0,1,01,01,1,0,0
475,475,0,66733682,1,00000000,0,7e72bd45,249,245,245,0,0,1,01,01,1,0,0
476,476,0,66733682,1,00000000,0,7e72bd45,249,245,245,0,0,1,01,01,1,0,0
477,477,0,66733682,1,00000000,0,7e72bd45,249,245,245,0,0,1,01,01,1,0,0
478,478,0,66733682,1,00000000,0,7e72bd45,249,245,245,0,0,1,01,01,1,0,0
479,479,0,66733682,1,00000000,0,7e72bd45,249,245,245,0,0,1,01,01,1,0,0
480,480,0,66733682,1,00000000,0,7e72bd45,249,245,245,0,0,1,01,01,1,0,0
481,481,0,66733682,1,00000000,0,7e72bd45,249,245,245,0,0,1,01,01,1,0,0
482,482,0,66733682,1,00000000,0,7e72bd45,249,245,245,0,0,1,01,01,1,0,0
483,483,0,66733682,1,00000000,0,7e72bd45,249,245,245,0,0,1,01,01,1,0,0
484,484,0,66733682,1,00000000,0,7e72bd45,249,245,245,0,0,1,01,01,1,0,0
485,485,0,66733682,1,00000000,0,7e72bd45,249,245,245,0,0,1,01,01,1,0,0
486,486,0,66733682,1,00000000,0,7e72bd45,249,245,245,0,0,1,01,01,1,0,0
487,487,0,66733682,1,00000000,0,7e72bd45,249,245,245,0,0,1,01,01,1,0,0
488,488,0,66733682,1,00000000,0,7e72bd45,249,245,245,0,0,1,01,01,1,0,0
489,489,0,66733682,1,00000000,0,7e72bd45,249,245,245,0,0,1,01,01,1,0,0
490,490,0,66733682,1,00000000,0,7e72bd45,249,245,245,0,0,1,01,01,1,0,0
491,491,0,66733682,1,00000000,0,7e72bd45,249,245,245,0,0,1,01,01,1,0,0
492,492,0,66733682,1,00000000,0,7e72bd45,249,245,245,0,0,1,01,01,1,0,0
493,493,0,66733682,1,00000000,0,7e72bd45,249,245,245,0,0,1,01,01,1,0,0
494,494,0,66733682,1,00000000,0,7e72bd45,249,245,245,0,0,1,01,01,1,0,0
495,495,0,66733682,1,00000000,0,7e72bd45,249,245,245,0,0,1,01,01,1,0,0
496,496,0,66733682,1,00000000,0,7e72bd45,249,245,245,0,0,1,01,01,1,0,0
497,497,0,66733682,1,00000000,0,7e72bd45,249,245,245,0,0,1,01,01,1,0,0
498,498,0,66733682,1,00000000,0,7e72bd45,249,245,245,0,0,1,01,01,1,0,0
499,499,0,66733682,1,00000000,0,7e72bd45,249,245,245,0,0,1,01,01,1,0,0
500,500,0,66733682,1,00000000,0,7e72bd45,249,245,245,0,0,1,01,01,1,0,0
501,501,0,66733682,1,00000000,0,7e72bd45,249,245,245,0,0,1,01,01,1,0,0
502,502,0,66733682,1,00000000,0,7e72bd45,249,245,245,0,0,1,01,01,1,0,0
503,503,0,66733682,1,00000000,0,7e72bd45,249,245,245,0,0,1,01,01,1,0,0
504,504,0,66733682,1,00000000,0,7e72bd45,249,245,245,0,0,1,01,01,1,0,0
505,505,0,66733682,1,00000000,0,7e72bd45,249,245,245,0,0,1,01,01,1,0,0
506,506,0,66733682,1,00000000,0,7e72bd45,249,245,245,0,0,1,01,01,1,0,0
507,507,0,66733682,1,00000000,0,7e72bd45,249,245,245,0,0,1,01,01,1,0,0
508,508,0,66733682,1,00000000,0,7e72bd45,249,245,245,0,0,1,01,02,1,0,0
509,509,0,66733682,1,00000000,0,7e72bd45,249,245,245,0,0,1,02,04,1,1,1
510,510,0,66733682,1,00000000,0,7e72bd45,249,245,245,0,0,1,04,08,1,1,1
511,511,0,66733682,1,00000000,0,7e72bd45,249,246,245,0,0,1,08,08,1,1,1
512,512,1,66733682,1,7e72bd45,1,9672e350,249,247,245,0,0,1,08,08,1,1,1
513,513,0,66733682,1,9672e350,1,6e73306d,249,248,245,0,0,1,08,08,1,1,1
514,514,0,66733682,1,6e73306d,1,66733682,249,249,245,1,0,1,08,10,1,1,1
515,515,0,66733682,1,66733682,1,8710f992,249,249,245,1,0,1,10,01,0,0,0
516,516,0,66733682,1,00000000,0,8710f992,249,245,245,0,0,1,01,01,0,0,0
517,517,0,66733682,1,00000000,0,7e72bd45,249,245,245,0,0,1,01,01,1,1,1
518,518,0,66733682,1,00000000,0,7e72bd45,249,245,245,0,0,1,01,01,1,1,1
519,519,0,66733682,1,00000000,0,7e72bd45,249,245,245,0,0,1,01,01,1,1,1
520,520,0,66733682,1,00000000,0,7e72bd45,249,245,245,0,0,1,01,01,1,1,1
521,521,0,66733682,1,00000000,0,7e72bd45,249,245,245,0,0,1,01,01,1,1,1
522,522,0,66733682,1,00000000,0,7e72bd45,249,245,245,0,0,1,01,01,1,1,1
523,523,0,66733682,1,00000000,0,7e72bd45,249,245,245,0,0,1,01,01,1,1,1
524,524,0,66733682,1,00000000,0,7e72bd45,249,245,245,0,0,1,01,01,1,1,1
525,525,0,66733682,1,00000000,0,7e72bd45,249,245,245,0,0,1,01,01,1,1,1
526,526,0,66733682,1,00000000,0,7e72bd45,249,245,245,0,0,1,01,01,1,1,1
527,527,0,66733682,1,00000000,0,7e72bd45,249,245,245,0,0,1,01,01,1,1,1
528,528,0,66733682,1,00000000,0,7e72bd45,249,245,245,0,0,1,01,01,1,1,1
529,529,0,66733682,1,00000000,0,7e72bd45,249,245,245,0,0,1,01,01,1,1,1
530,530,0,66733682,1,00000000,0,7e72bd45,249,245,245,0,0,1,01,01,1,1,1
531,531,0,66733682,1,00000000,0,7e72bd45,249,245,245,0,0,1,01,01,1,1,1
532,532,0,66733682,1,00000000,0,7e72bd45,249,245,245,0,0,1,01,01,1,1,1
533,533,0,66733682,1,00000000,0,7e72bd45,249,245,245,0,0,1,01,01,1,1,1
534,534,0,66733682,1,00000000,0,7e72bd45,249,245,245,0,0,1,01,01,1,1,1
535,535,0,66733682,1,00000000,0,7e72bd45,249,245,245,0,0,1,01,01,1,1,1
536,536,0,66733682,1,00000000,0,7e72bd45,249,245,245,0,0,1,01,01,1,1,1
537,537,0,66733682,1,00000000,0,7e72bd45,249,245,245,0,0,1,01,01,1,1,1
538,538,0,66733682,1,00000000,0,7e72bd45,249,245,245,0,0,1,01,01,1,1,1
539,539,0,66733682,1,00000000,0,7e72bd45,249,245,245,0,0,1,01,01,1,1,1
540,540,0,66733682,1,00000000,0,7e72bd45,249,245,245,0,0,1,01,01,1,1,1
541,541,0,66733682,1,00000000,0,7e72bd45,249,245,245,0,0,1,01,01,1,1,1
542,542,0,66733682,1,00000000,0,7e72bd45,249,245,245,0,0,1,01,01,1,1,1
543,543,0,66733682,1,00000000,0,7e72bd45,249,245,245,0,0,1,01,01,1,1,1
544,544,0,66733682,1,00000000,0,7e72bd45,249,245,245,0,0,1,01,01,1,1,1
545,545,0,66733682,1,00000000,0,7e72bd45,249,245,245,0,0,1,01,01,1,1,1
546,546,0,66733682,1,00000000,0,7e72bd45,249,245,245,0,0,1,01,01,1,1,1
547,547,0,66733682,1,00000000,0,7e72bd45,249,245,245,0,0,1,01,01,1,1,1
548,548,0,66733682,1,00000000,0,7e72bd45,249,245,245,0,0,1,01,01,1,1,1
549,549,0,66733682,1,00000000,0,7e72bd45,249,245,245,0,0,1,01,01,1,1,1
550,550,0,66733682,1,00000000,0,7e72bd45,249,245,245,0,0,1,01,01,1,1,1
551,551,0,66733682,1,00000000,0,7e72bd45,249,245,245,0,0,1,01,01,1,1,1
552,552,0,66733682,1,00000000,0,7e72bd45,249,245,245,0,0,1,01,01,1,1,1
553,553,0,66733682,1,00000000,0,7e72bd45,249,245,245,0,0,1,01,01,1,1,1
554,554,0,66733682,1,00000000,0,7e72bd45,249,245,245,0,0,1,01,01,1,1,1
555,555,0,66733682,1,00000000,0,7e72bd45,249,245,245,0,0,1,01,01,1,1,1
556,556,0,66733682,1,00000000,0,7e72bd45,249,245,245,0,0,1,01,01,1,1,1
557,557,0,66733682,1,00000000,0,7e72bd45,249,245,245,0,0,1,01,01,1,1,1
558,558,0,66733682,1,00000000,0,7e72bd45,249,245,245,0,0,1,01,01,1,1,1
559,559,0,66733682,1,00000000,0,7e72bd45,249,245,245,0,0,1,01,01,1,1,1
560,560,0,66733682,1,00000000,0,7e72bd45,249,245,245,0,0,1,01,01,1,1,1
561,561,0,66733682,1,00000000,0,7e72bd45,249,245,245,0,0,1,01,01,1,1,1
562,562,0,66733682,1,00000000,0,7e72bd45,249,245,245,0,0,1,01,01,1,1,1
563,563,0,66733682,1,00000000,0,7e72bd45,249,245,245,0,0,1,01,01,1,1,1
564,564,0,66733682,1,00000000,0,7e72bd45,249,245,245,0,0,1,01,01,1,1,1
565,565,0,66733682,1,00000000,0,7e72bd45,249,245,245,0,0,1,01,01,1,1,1
566,566,0,66733682,1,00000000,0,7e72bd45,249,245,245,0,0,1,01,01,1,1,1
567,567,0,66733682,1,00000000,0,7e72bd45,249,245,245,0,0,1,01,01,1,1,1
568,568,0,66733682,1,00000000,0,7e72bd45,249,245,245,0,0,1,01,01,1,1,1
569,569,0,66733682,1,00000000,0,7e72bd45,249,245,245,0,0,1,01,01,1,1,1
570,570,0,66733682,1,00000000,0,7e72bd45,249,245,245,0,0,1,01,01,1,1,1
571,571,0,66733682,1,00000000,0,7e72bd45,249,245,245,0,0,1,01,01,1,1,1
572,572,0,66733682,1,00000000,0,7e72bd45,249,245,245,0,0,1,01,01,1,1,1
573,573,0,66733682,1,00000000,0,7e72bd45,249,245,245,0,0,1,01,01,1,1,1
574,574,0,66733682,1,00000000,0,7e72bd45,249,245,245,0,0,1,01,01,1,1,1
575,575,0,66733682,1,00000000,0,7e72bd45,249,245,245,0,0,1,01,01,1,1,1
576,576,0,66733682,1,00000000,0,7e72bd45,249,245,245,0,0,1,01,01,1,1,1
577,577,0,66733682,1,00000000,0,7e72bd45,249,245,245,0,0,1,01,01,1,1,1
578,578,0,66733682,1,00000000,0,7e72bd45,249,245,245,0,0,1,01,01,1,1,1
579,579,0,66733682,1,00000000,0,7e72bd45,249,245,245,0,0,1,01,01,1,1,1
580,580,0,66733682,1,00000000,0,7e72bd45,249,245,245,0,0,1,01,01,1,1,1
581,581,0,66733682,1,00000000,0,7e72bd45,249,245,245,0,0,1,01,01,1,1,1
582,582,0,66733682,1,00000000,0,7e72bd45,249,245,245,0,0,1,01,01,1,1,1
583,583,0,66733682,1,00000000,0,7e72bd45,249,245,245,0,0,1,01,01,1,1,1
584,584,0,66733682,1,00000000,0,7e72bd45,249,245,245,0,0,1,01,01,1,1,1
585,585,0,66733682,1,00000000,0,7e72bd45,249,245,245,0,0,1,01,01,1,1,1
586,586,0,66733682,1,00000000,0,7e72bd45,249,245,245,0,0,1,01,01,1,1,1
587,587,0,66733682,1,00000000,0,7e72bd45,249,245,245,0,0,1,01,01,1,1,1
588,588,0,66733682,1,00000000,0,7e72bd45,249,245,245,0,0,1,01,01,1,1,1
589,589,0,66733682,1,00000000,0,7e72bd45,249,245,245,0,0,1,01,01,1,1,1
590,590,0,66733682,1,00000000,0,7e72bd45,249,245,245,0,0,1,01,01,1,1,1
591,591,0,66733682,1,00000000,0,7e72bd45,249,245,245,0,0,1,01,01,1,1,1
592,592,0,66733682,1,00000000,0,7e72bd45,249,245,245,0,0,1,01,01,1,1,1
593,593,0,66733682,1,00000000,0,7e72bd45,249,245,245,0,0,1,01,01,1,1,1
594,594,0,66733682,1,00000000,0,7e72bd45,249,245,245,0,0,1,01,01,1,1,1
595,595,0,66733682,1,00000000,0,7e72bd45,249,245,245,0,0,1,01,01,1,1,1
596,596,0,66733682,1,00000000,0,7e72bd45,249,245,245,0,0,1,01,01,1,1,1
597,597,0,66733682,1,00000000,0,7e72bd45,249,245,245,0,0,1,01,01,1,1,1
598,598,0,66733682,1,00000000,0,7e72bd45,249,245,245,0,0,1,01,01,1,1,1
599,599,0,66733682,1,00000000,0,7e72bd45,249,245,245,0,0,1,01,01,1,1,1
600,600,0,66733682,1,00000000,0,7e72bd45,249,245,245,0,0,1,01,01,1,1,1
601,601,0,66733682,1,00000000,0,7e72bd45,249,245,245,0,0,1,01,01,1,1,1
602,602,0,66733682,1,00000000,0,7e72bd45,249,245,245,0,0,1,01,01,1,1,1
603,603,0,66733682,1,00000000,0,7e72bd45,249,245,245,0,0,1,01,01,1,1,1
604,604,0,66733682,1,00000000,0,7e72bd45,249,245,245,0,0,1,01,01,1,1,1
605,605,0,66733682,1,00000000,0,7e72bd45,249,245,245,0,0,1,01,01,1,1,1
606,606,0,66733682,1,00000000,0,7e72bd45,249,245,245,0,0,1,01,01,1,1,1
607,607,0,66733682,1,00000000,0,7e72bd45,249,245,245,0,0,1,01,01,1,1,1
608,608,0,66733682,1,00000000,0,7e72bd45,249,245,245,0,0,1,01,01,1,1,1
609,609,0,66733682,1,00000000,0,7e72bd45,249,245,245,0,0,1,01,01,1,1,1
610,610,0,66733682,1,00000000,0,7e72bd45,249,245,245,0,0,1,01,01,1,1,1
611,611,0,66733682,1,00000000,0,7e72bd45,249,245,245,0,0,1,01,01,1,1,1
612,612,0,66733682,1,00000000,0,7e72bd45,249,245,245,0,0,1,01,01,1,1,1
613,613,0,66733682,1,00000000,0,7e72bd45,249,245,245,0,0,1,01,01,1,1,1
614,614,0,66733682,1,00000000,0,7e72bd45,249,245,245,0,0,1,01,01,1,1,1
615,615,0,66733682,1,00000000,0,7e72bd45,249,245,245,0,0,1,01,01,1,1,1
616,616,0,66733682,1,00000000,0,7e72bd45,249,245,245,0,0,1,01,01,1,1,1
617,617,0,66733682,1,00000000,0,7e72bd45,249,245,245,0,0,1,01,01,1,1,1
618,618,0,66733682,1,00000000,0,7e72bd45,249,245,245,0,0,1,01,01,1,1,1
619,619,0,66733682,1,00000000,0,7e72bd45,249,245,245,0,0,1,01,01,1,1,1
620,620,0,66733682,1,00000000,0,7e72bd45,249,245,245,0,0,1,01,01,1,1,1
621,621,0,66733682,1,00000000,0,7e72bd45,249,245,245,0,0,1,01,01,1,1,1
622,622,0,66733682,1,00000000,0,7e72bd45,249,245,245,0,0,1,01,01,1,1,1
623,623,0,66733682,1,00000000,0,7e72bd45,249,245,245,0,0,1,01,01,1,1,1
624,624,0,66733682,1,00000000,0,7e72bd45,249,245,245,0,0,1,01,01,1,1,1
625,625,0,66733682,1,00000000,0,7e72bd45,249,245,245,0,0,1,01,01,1,1,1
626,626,0,66733682,1,00000000,0,7e72bd45,249,245,245,0,0,1,01,01,1,1,1
627,627,0,66733682,1,00000000,0,7e72bd45,249,245,245,0,0,1,01,01,1,1,1
628,628,0,66733682,1,00000000,0,7e72bd45,249,245,245,0,0,1,01,01,1,1,1
629,629,0,66733682,1,00000000,0,7e72bd45,249,245,245,0,0,1,01,01,1,1,1
630,630,0,66733682,1,00000000,0,7e72bd45,249,245,245,0,0,1,01,01,1,1,1
631,631,0,66733682,1,00000000,0,7e72bd45,249,245,245,0,0,1,01,01,1,1,1
632,632,0,66733682,1,00000000,0,7e72bd45,249,245,245,0,0,1,01,01,1,1,1
633,633,0,66733682,1,00000000,0,7e72bd45,249,245,245,0,0,1,01,01,1,1,1
634,634,0,66733682,1,00000000,0,7e72bd45,249,245,245,0,0,1,01,01,1,1,1
635,635,0,66733682,1,00000000,0,7e72bd45,249,245,245,0,0,1,01,01,1,1,1
636,636,0,66733682,1,00000000,0,7e72bd45,249,245,245,0,0,1,01,01,1,1,1
637,637,0,66733682,1,00000000,0,7e72bd45,249,245,245,0,0,1,01,01,1,1,1
638,638,0,66733682,1,00000000,0,7e72bd45,249,245,245,0,0,1,01,01,1,1,1
639,639,0,66733682,1,00000000,0,7e72bd45,249,245,245,0,0,1,01,01,1,1,1
640,640,0,66733682,1,00000000,0,7e72bd45,249,245,245,0,0,1,01,01,1,1,1
641,641,0,66733682,1,00000000,0,7e72bd45,249,245,245,0,0,1,01,01,1,1,1
642,642,0,66733682,1,00000000,0,7e72bd45,249,245,245,0,0,1,01,01,1,1,1
643,643,0,66733682,1,00000000,0,7e72bd45,249,245,245,0,0,1,01,01,1,1,1
644,644,0,66733682,1,00000000,0,7e72bd45,249,245,245,0,0,1,01,01,1,1,1
645,645,0,66733682,1,00000000,0,7e72bd45,249,245,245,0,0,1,01,01,1,1,1
646,646,0,66733682,1,00000000,0,7e72bd45,249,245,245,0,0,1,01,01,1,1,1
647,647,0,66733682,1,00000000,0,7e72bd45,249,245,245,0,0,1,01,01,1,1,1
648,648,0,66733682,1,00000000,0,7e72bd45,249,245,245,0,0,1,01,01,1,1,1
649,649,0,66733682,1,00000000,0,7e72bd45,249,245,245,0,0,1,01,01,1,1,1
650,650,0,66733682,1,00000000,0,7e72bd45,249,245,245,0,0,1,01,01,1,1,1
651,651,0,66733682,1,00000000,0,7e72bd45,249,245,245,0,0,1,01,01,1,1,1
652,652,0,66733682,1,00000000,0,7e72bd45,249,245,245,0,0,1,01,01,1,1,1
653,653,0,66733682,1,00000000,0,7e72bd45,249,245,245,0,0,1,01,01,1,1,1
654,654,0,66733682,1,00000000,0,7e72bd45,249,245,245,0,0,1,01,01,1,1,1
655,655,0,66733682,1,00000000,0,7e72bd45,249,245,245,0,0,1,01,01,1,1,1
656,656,0,66733682,1,00000000,0,7e72bd45,249,245,245,0,0,1,01,01,1,1,1
657,657,0,66733682,1,00000000,0,7e72bd45,249,245,245,0,0,1,01,01,1,1,1
658,658,0,66733682,1,00000000,0,7e72bd45,249,245,245,0,0,1,01,01,1,1,1
659,659,0,66733682,1,00000000,0,7e72bd45,249,245,245,0,0,1,01,01,1,1,1
660,660,0,66733682,1,00000000,0,7e72bd45,249,245,245,0,0,1,01,01,1,1,1
661,661,0,66733682,1,00000000,0,7e72bd45,249,245,245,0,0,1,01,01,1,1,1
662,662,0,66733682,1,00000000,0,7e72bd45,249,245,245,0,0,1,01,01,1,1,1
663,663,0,66733682,1,00000000,0,7e72bd45,249,245,245,0,0,1,01,01,1,1,1
664,664,0,66733682,1,00000000,0,7e72bd45,249,245,245,0,0,1,01,01,1,1,1
665,665,0,66733682,1,00000000,0,7e72bd45,249,245,245,0,0,1,01,01,1,1,1
666,666,0,66733682,1,00000000,0,7e72bd45,249,245,245,0,0,1,01,01,1,1,1
667,667,0,66733682,1,00000000,0,7e72bd45,249,245,245,0,0,1,01,01,1,1,1
668,668,0,66733682,1,00000000,0,7e72bd45,249,245,245,0,0,1,01,01,1,1,1
669,669,0,66733682,1,00000000,0,7e72bd45,249,245,245,0,0,1,01,01,1,1,1
670,670,0,66733682,1,00000000,0,7e72bd45,249,245,245,0,0,1,01,01,1,1,1
671,671,0,66733682,1,00000000,0,7e72bd45,249,245,245,0,0,1,01,01,1,1,1
672,672,0,66733682,1,00000000,0,7e72bd45,249,245,245,0,0,1,01,01,1,1,1
673,673,0,66733682,1,00000000,0,7e72bd45,249,245,245,0,0,1,01,01,1,1,1
674,674,0,66733682,1,00000000,0,7e72bd45,249,245,245,0,0,1,01,01,1,1,1
675,675,0,66733682,1,00000000,0,7e72bd45,249,245,245,0,0,1,01,01,1,1,1
676,676,0,66733682,1,00000000,0,7e72bd45,249,245,245,0,0,1,01,01,1,1,1
677,677,0,66733682,1,00000000,0,7e72bd45,249,245,245,0,0,1,01,01,1,1,1
678,678,0,66733682,1,00000000,0,7e72bd45,249,245,245,0,0,1,01,01,1,1,1
679,679,0,66733682,1,00000000,0,7e72bd45,249,245,245,0,0,1,01,01,1,1,1
680,680,0,66733682,1,00000000,0,7e72bd45,249,245,245,0,0,1,01,01,1,1,1
681,681,0,66733682,1,00000000,0,7e72bd45,249,245,245,0,0,1,01,01,1,1,1
682,682,0,66733682,1,00000000,0,7e72bd45,249,245,245,0,0,1,01,01,1,1,1
683,683,0,66733682,1,00000000,0,7e72bd45,249,245,245,0,0,1,01,01,1,1,1
684,684,0,66733682,1,00000000,0,7e72bd45,249,245,245,0,0,1,01,01,1,1,1
685,685,0,66733682,1,00000000,0,7e72bd45,249,245,245,0,0,1,01,01,1,1,1
686,686,0,66733682,1,00000000,0,7e72bd45,249,245,245,0,0,1,01,01,1,1,1
687,687,0,66733682,1,00000000,0,7e72bd45,249,245,245,0,0,1,01,01,1,1,1
688,688,0,66733682,1,00000000,0,7e72bd45,249,245,245,0,0,1,01,01,1,1,1
689,689,0,66733682,1,00000000,0,7e72bd45,249,245,245,0,0,1,01,01,1,1,1
690,690,0,66733682,1,00000000,0,7e72bd45,249,245,245,0,0,1,01,01,1,1,1
691,691,0,66733682,1,00000000,0,7e72bd45,249,245,245,0,0,1,01,01,1,1,1
692,692,0,66733682,1,00000000,0,7e72bd45,249,245,245,0,0,1,01,01,1,1,1
693,693,0,66733682,1,00000000,0,7e72bd45,249,245,245,0,0,1,01,01,1,1,1
694,694,0,66733682,1,00000000,0,7e72bd45,249,245,245,0,0,1,01,01,1,1,1
695,695,0,66733682,1,00000000,0,7e72bd45,249,245,245,0,0,1,01,01,1,1,1
696,696,0,66733682,1,00000000,0,7e72bd45,249,245,245,0,0,1,01,01,1,1,1
697,697,0,66733682,1,00000000,0,7e72bd45,249,245,245,0,0,1,01,01,1,1,1
698,698,0,66733682,1,00000000,0,7e72bd45,249,245,245,0,0,1,01,01,1,1,1
699,699,0,66733682,1,00000000,0,7e72bd45,249,245,245,0,0,1,01,01,1,1,1
700,700,0,66733682,1,00000000,0,7e72bd45,249,245,245,0,0,1,01,01,1,1,1
701,701,0,66733682,1,00000000,0,7e72bd45,249,245,245,0,0,1,01,01,1,1,1
702,702,0,66733682,1,00000000,0,7e72bd45,249,245,245,0,0,1,01,01,1,1,1
703,703,0,66733682,1,00000000,0,7e72bd45,249,245,245,0,0,1,01,01,1,1,1
704,704,0,66733682,1,00000000,0,7e72bd45,249,245,245,0,0,1,01,01,1,1,1
705,705,0,66733682,1,00000000,0,7e72bd45,249,245,245,0,0,1,01,01,1,1,1
706,706,0,66733682,1,00000000,0,7e72bd45,249,245,245,0,0,1,01,01,1,1,1
707,707,0,66733682,1,00000000,0,7e72bd45,249,245,245,0,0,1,01,01,1,1,1
708,708,0,66733682,1,00000000,0,7e72bd45,249,245,245,0,0,1,01,01,1,1,1
709,709,0,66733682,1,00000000,0,7e72bd45,249,245,245,0,0,1,01,01,1,1,1
710,710,0,66733682,1,00000000,0,7e72bd45,249,245,245,0,0,1,01,01,1,1,1
711,711,0,66733682,1,00000000,0,7e72bd45,249,245,245,0,0,1,01,01,1,1,1
712,712,0,66733682,1,00000000,0,7e72bd45,249,245,245,0,0,1,01,01,1,1,1
713,713,0,66733682,1,00000000,0,7e72bd45,249,245,245,0,0,1,01,01,1,1,1
714,714,0,66733682,1,00000000,0,7e72bd45,249,245,245,0,0,1,01,01,1,1,1
715,715,0,66733682,1,00000000,0,7e72bd45,249,245,245,0,0,1,01,01,1,1,1
716,716,0,66733682,1,00000000,0,7e72bd45,249,245,245,0,0,1,01,01,1,1,1
717,717,0,66733682,1,00000000,0,7e72bd45,249,245,245,0,0,1,01,01,1,1,1
718,718,0,66733682,1,00000000,0,7e72bd45,249,245,245,0,0,1,01,01,1,1,1
719,719,0,66733682,1,00000000,0,7e72bd45,249,245,245,0,0,1,01,01,1,1,1
720,720,0,66733682,1,00000000,0,7e72bd45,249,245,245,0,0,1,01,01,1,1,1
721,721,0,66733682,1,00000000,0,7e72bd45,249,245,245,0,0,1,01,01,1,1,1
722,722,0,66733682,1,00000000,0,7e72bd45,249,245,245,0,0,1,01,01,1,1,1
723,723,0,66733682,1,00000000,0,7e72bd45,249,245,245,0,0,1,01,01,1,1,1
724,724,0,66733682,1,00000000,0,7e72bd45,249,245,245,0,0,1,01,01,1,1,1
725,725,0,66733682,1,00000000,0,7e72bd45,249,245,245,0,0,1,01,01,1,1,1
726,726,0,66733682,1,00000000,0,7e72bd45,249,245,245,0,0,1,01,01,1,1,1
727,727,0,66733682,1,00000000,0,7e72bd45,249,245,245,0,0,1,01,01,1,1,1
728,728,0,66733682,1,00000000,0,7e72bd45,249,245,245,0,0,1,01,01,1,1,1
729,729,0,66733682,1,00000000,0,7e72bd45,249,245,245,0,0,1,01,01,1,1,1
730,730,0,66733682,1,00000000,0,7e72bd45,249,245,245,0,0,1,01,01,1,1,1
731,731,0,66733682,1,00000000,0,7e72bd45,249,245,245,0,0,1,01,01,1,1,1
732,732,0,66733682,1,00000000,0,7e72bd45,249,245,245,0,0,1,01,01,1,1,1
733,733,0,66733682,1,00000000,0,7e72bd45,249,245,245,0,0,1,01,01,1,1,1
734,734,0,66733682,1,00000000,0,7e72bd45,249,245,245,0,0,1,01,01,1,1,1
735,735,0,66733682,1,00000000,0,7e72bd45,249,245,245,0,0,1,01,01,1,1,1
736,736,0,66733682,1,00000000,0,7e72bd45,249,245,245,0,0,1,01,01,1,1,1
737,737,0,66733682,1,00000000,0,7e72bd45,249,245,245,0,0,1,01,01,1,1,1
738,738,0,66733682,1,00000000,0,7e72bd45,249,245,245,0,0,1,01,01,1,1,1
739,739,0,66733682,1,00000000,0,7e72bd45,249,245,245,0,0,1,01,01,1,1,1
740,740,0,66733682,1,00000000,0,7e72bd45,249,245,245,0,0,1,01,01,1,1,1
741,741,0,66733682,1,00000000,0,7e72bd45,249,245,245,0,0,1,01,01,1,1,1
742,742,0,66733682,1,00000000,0,7e72bd45,249,245,245,0,0,1,01,01,1,1,1
743,743,0,66733682,1,00000000,0,7e72bd45,249,245,245,0,0,1,01,01,1,1,1
744,744,0,66733682,1,00000000,0,7e72bd45,249,245,245,0,0,1,01,01,1,1,1
745,745,0,66733682,1,00000000,0,7e72bd45,249,245,245,0,0,1,01,01,1,1,1
746,746,0,66733682,1,00000000,0,7e72bd45,249,245,245,0,0,1,01,01,1,1,1
747,747,0,66733682,1,00000000,0,7e72bd45,249,245,245,0,0,1,01,01,1,1,1
748,748,0,66733682,1,00000000,0,7e72bd45,249,245,245,0,0,1,01,01,1,1,1
749,749,0,66733682,1,00000000,0,7e72bd45,249,245,245,0,0,1,01,01,1,1,1
750,750,0,66733682,1,00000000,0,7e72bd45,249,245,245,0,0,1,01,01,1,1,1
751,751,0,66733682,1,00000000,0,7e72bd45,249,245,245,0,0,1,01,01,1,1,1
752,752,0,66733682,1,00000000,0,7e72bd45,249,245,245,0,0,1,01,01,1,1,1
753,753,0,66733682,1,00000000,0,7e72bd45,249,245,245,0,0,1,01,01,1,1,1
754,754,0,66733682,1,00000000,0,7e72bd45,249,245,245,0,0,1,01,01,1,1,1
755,755,0,66733682,1,00000000,0,7e72bd45,249,245,245,0,0,1,01,01,1,1,1
756,756,0,66733682,1,00000000,0,7e72bd45,249,245,245,0,0,1,01,01,1,1,1
757,757,0,66733682,1,00000000,0,7e72bd45,249,245,245,0,0,1,01,01,1,1,1
758,758,0,66733682,1,00000000,0,7e72bd45,249,245,245,0,0,1,01,01,1,1,1
759,759,0,66733682,1,00000000,0,7e72bd45,249,245,245,0,0,1,01,01,1,1,1
760,760,0,66733682,1,00000000,0,7e72bd45,249,245,245,0,0,1,01,01,1,1,1
761,761,0,66733682,1,00000000,0,7e72bd45,249,245,245,0,0,1,01,01,1,1,1
762,762,0,66733682,1,00000000,0,7e72bd45,249,245,245,0,0,1,01,01,1,1,1
763,763,0,66733682,1,00000000,0,7e72bd45,249,245,245,0,0,1,01,01,1,1,1
764,764,0,66733682,1,00000000,0,7e72bd45,249,245,245,0,0,1,01,01,1,1,1
765,765,0,66733682,1,00000000,0,7e72bd45,249,245,245,0,0,1,01,01,1,1,1
766,766,0,66733682,1,00000000,0,7e72bd45,249,245,245,0,0,1,01,01,1,1,1
767,767,0,66733682,1,00000000,0,7e72bd45,249,245,245,0,0,1,01,01,1,1,1
768,768,0,66733682,1,00000000,0,7e72bd45,249,245,245,0,0,1,01,01,1,1,1
769,769,0,66733682,1,00000000,0,7e72bd45,249,245,245,0,0,1,01,01,1,1,1
770,770,0,66733682,1,00000000,0,7e72bd45,249,245,245,0,0,1,01,01,1,1,1
771,771,0,66733682,1,00000000,0,7e72bd45,249,245,245,0,0,1,01,01,1,1,1
772,772,0,66733682,1,00000000,0,7e72bd45,249,245,245,0,0,1,01,01,1,1,1
773,773,0,66733682,1,00000000,0,7e72bd45,249,245,245,0,0,1,01,01,1,1,1
774,774,0,66733682,1,00000000,0,7e72bd45,249,245,245,0,0,1,01,01,1,1,1
775,775,0,66733682,1,00000000,0,7e72bd45,249,245,245,0,0,1,01,01,1,1,1
776,776,0,66733682,1,00000000,0,7e72bd45,249,245,245,0,0,1,01,01,1,1,1
777,777,0,66733682,1,00000000,0,7e72bd45,249,245,245,0,0,1,01,01,1,1,1
778,778,0,66733682,1,00000000,0,7e72bd45,249,245,245,0,0,1,01,01,1,1,1
779,779,0,66733682,1,00000000,0,7e72bd45,249,245,245,0,0,1,01,01,1,1,1
780,780,0,66733682,1,00000000,0,7e72bd45,249,245,245,0,0,1,01,01,1,1,1
781,781,0,66733682,1,00000000,0,7e72bd45,249,245,245,0,0,1,01,01,1,1,1
782,782,0,66733682,1,00000000,0,7e72bd45,249,245,245,0,0,1,01,01,1,1,1
783,783,0,66733682,1,00000000,0,7e72bd45,249,245,245,0,0,1,01,01,1,1,1
784,784,0,66733682,1,00000000,0,7e72bd45,249,245,245,0,0,1,01,01,1,1,1
785,785,0,66733682,1,00000000,0,7e72bd45,249,245,245,0,0,1,01,01,1,1,1
786,786,0,66733682,1,00000000,0,7e72bd45,249,245,245,0,0,1,01,01,1,1,1
787,787,0,66733682,1,00000000,0,7e72bd45,249,245,245,0,0,1,01,01,1,1,1
788,788,0,66733682,1,00000000,0,7e72bd45,249,245,245,0,0,1,01,01,1,1,1
789,789,0,66733682,1,00000000,0,7e72bd45,249,245,245,0,0,1,01,01,1,1,1
790,790,0,66733682,1,00000000,0,7e72bd45,249,245,245,0,0,1,01,01,1,1,1
791,791,0,66733682,1,00000000,0,7e72bd45,249,245,245,0,0,1,01,01,1,1,1
792,792,0,66733682,1,00000000,0,7e72bd45,249,245,245,0,0,1,01,01,1,1,1
793,793,0,66733682,1,00000000,0,7e72bd45,249,245,245,0,0,1,01,01,1,1,1
794,794,0,66733682,1,00000000,0,7e72bd45,249,245,245,0,0,1,01,01,1,1,1
795,795,0,66733682,1,00000000,0,7e72bd45,249,245,245,0,0,1,01,01,1,1,1
796,796,0,66733682,1,00000000,0,7e72bd45,249,245,245,0,0,1,01,01,1,1,1
797,797,0,66733682,1,00000000,0,7e72bd45,249,245,245,0,0,1,01,01,1,1,1
798,798,0,66733682,1,00000000,0,7e72bd45,249,245,245,0,0,1,01,01,1,1,1
799,799,0,66733682,1,00000000,0,7e72bd45,249,245,245,0,0,1,01,01,1,1,1
800,800,0,66733682,1,00000000,0,7e72bd45,249,245,245,0,0,1,01,01,1,1,1
801,801,0,66733682,1,00000000,0,7e72bd45,249,245,245,0,0,1,01,01,1,1,1
802,802,0,66733682,1,00000000,0,7e72bd45,249,245,245,0,0,1,01,01,1,1,1
803,803,0,66733682,1,00000000,0,7e72bd45,249,245,245,0,0,1,01,01,1,1,1
804,804,0,66733682,1,00000000,0,7e72bd45,249,245,245,0,0,1,01,01,1,1,1
805,805,0,66733682,1,00000000,0,7e72bd45,249,245,245,0,0,1,01,01,1,1,1
806,806,0,66733682,1,00000000,0,7e72bd45,249,245,245,0,0,1,01,01,1,1,1
807,807,0,66733682,1,00000000,0,7e72bd45,249,245,245,0,0,1,01,01,1,1,1
808,808,0,66733682,1,00000000,0,7e72bd45,249,245,245,0,0,1,01,01,1,1,1
809,809,0,66733682,1,00000000,0,7e72bd45,249,245,245,0,0,1,01,01,1,1,1
810,810,0,66733682,1,00000000,0,7e72bd45,249,245,245,0,0,1,01,01,1,1,1
811,811,0,66733682,1,00000000,0,7e72bd45,249,245,245,0,0,1,01,01,1,1,1
812,812,0,66733682,1,00000000,0,7e72bd45,249,245,245,0,0,1,01,01,1,1,1
813,813,0,66733682,1,00000000,0,7e72bd45,249,245,245,0,0,1,01,01,1,1,1
814,814,0,66733682,1,00000000,0,7e72bd45,249,245,245,0,0,1,01,01,1,1,1
815,815,0,66733682,1,00000000,0,7e72bd45,249,245,245,0,0,1,01,01,1,1,1
816,816,0,66733682,1,00000000,0,7e72bd45,249,245,245,0,0,1,01,01,1,1,1
817,817,0,66733682,1,00000000,0,7e72bd45,249,245,245,0,0,1,01,01,1,1,1
818,818,0,66733682,1,00000000,0,7e72bd45,249,245,245,0,0,1,01,01,1,1,1
819,819,0,66733682,1,00000000,0,7e72bd45,249,245,245,0,0,1,01,01,1,1,1
820,820,0,66733682,1,00000000,0,7e72bd45,249,245,245,0,0,1,01,01,1,1,1
821,821,0,66733682,1,00000000,0,7e72bd45,249,245,245,0,0,1,01,01,1,1,1
822,822,0,66733682,1,00000000,0,7e72bd45,249,245,245,0,0,1,01,01,1,1,1
823,823,0,66733682,1,00000000,0,7e72bd45,249,245,245,0,0,1,01,01,1,1,1
824,824,0,66733682,1,00000000,0,7e72bd45,249,245,245,0,0,1,01,01,1,1,1
825,825,0,66733682,1,00000000,0,7e72bd45,249,245,245,0,0,1,01,01,1,1,1
826,826,0,66733682,1,00000000,0,7e72bd45,249,245,245,0,0,1,01,01,1,1,1
827,827,0,66733682,1,00000000,0,7e72bd45,249,245,245,0,0,1,01,01,1,1,1
828,828,0,66733682,1,00000000,0,7e72bd45,249,245,245,0,0,1,01,01,1,1,1
829,829,0,66733682,1,00000000,0,7e72bd45,249,245,245,0,0,1,01,01,1,1,1
830,830,0,66733682,1,00000000,0,7e72bd45,249,245,245,0,0,1,01,01,1,1,1
831,831,0,66733682,1,00000000,0,7e72bd45,249,245,245,0,0,1,01,01,1,1,1
832,832,0,66733682,1,00000000,0,7e72bd45,249,245,245,0,0,1,01,01,1,1,1
833,833,0,66733682,1,00000000,0,7e72bd45,249,245,245,0,0,1,01,01,1,1,1
834,834,0,66733682,1,00000000,0,7e72bd45,249,245,245,0,0,1,01,01,1,1,1
835,835,0,66733682,1,00000000,0,7e72bd45,249,245,245,0,0,1,01,01,1,1,1
836,836,0,66733682,1,00000000,0,7e72bd45,249,245,245,0,0,1,01,01,1,1,1
837,837,0,66733682,1,00000000,0,7e72bd45,249,245,245,0,0,1,01,01,1,1,1
838,838,0,66733682,1,00000000,0,7e72bd45,249,245,245,0,0,1,01,01,1,1,1
839,839,0,66733682,1,00000000,0,7e72bd45,249,245,245,0,0,1,01,01,1,1,1
840,840,0,66733682,1,00000000,0,7e72bd45,249,245,245,0,0,1,01,01,1,1,1
841,841,0,66733682,1,00000000,0,7e72bd45,249,245,245,0,0,1,01,01,1,1,1
842,842,0,66733682,1,00000000,0,7e72bd45,249,245,245,0,0,1,01,01,1,1,1
843,843,0,66733682,1,00000000,0,7e72bd45,249,245,245,0,0,1,01,01,1,1,1
844,844,0,66733682,1,00000000,0,7e72bd45,249,245,245,0,0,1,01,01,1,1,1
845,845,0,66733682,1,00000000,0,7e72bd45,249,245,245,0,0,1,01,01,1,1,1
846,846,0,66733682,1,00000000,0,7e72bd45,249,245,245,0,0,1,01,01,1,1,1
847,847,0,66733682,1,00000000,0,7e72bd45,249,245,245,0,0,1,01,01,1,1,1
848,848,0,66733682,1,00000000,0,7e72bd45,249,245,245,0,0,1,01,01,1,1,1
849,849,0,66733682,1,00000000,0,7e72bd45,249,245,245,0,0,1,01,01,1,1,1
850,850,0,66733682,1,00000000,0,7e72bd45,249,245,245,0,0,1,01,01,1,1,1
851,851,0,66733682,1,00000000,0,7e72bd45,249,245,245,0,0,1,01,01,1,1,1
852,852,0,66733682,1,00000000,0,7e72bd45,249,245,245,0,0,1,01,01,1,1,1
853,853,0,66733682,1,00000000,0,7e72bd45,249,245,245,0,0,1,01,01,1,1,1
854,854,0,66733682,1,00000000,0,7e72bd45,249,245,245,0,0,1,01,01,1,1,1
855,855,0,66733682,1,00000000,0,7e72bd45,249,245,245,0,0,1,01,01,1,1,1
856,856,0,66733682,1,00000000,0,7e72bd45,249,245,245,0,0,1,01,01,1,1,1
857,857,0,66733682,1,00000000,0,7e72bd45,249,245,245,0,0,1,01,01,1,1,1
858,858,0,66733682,1,00000000,0,7e72bd45,249,245,245,0,0,1,01,01,1,1,1
859,859,0,66733682,1,00000000,0,7e72bd45,249,245,245,0,0,1,01,01,1,1,1
860,860,0,66733682,1,00000000,0,7e72bd45,249,245,245,0,0,1,01,01,1,1,1
861,861,0,66733682,1,00000000,0,7e72bd45,249,245,245,0,0,1,01,01,1,1,1
862,862,0,66733682,1,00000000,0,7e72bd45,249,245,245,0,0,1,01,01,1,1,1
863,863,0,66733682,1,00000000,0,7e72bd45,249,245,245,0,0,1,01,01,1,1,1
864,864,0,66733682,1,00000000,0,7e72bd45,249,245,245,0,0,1,01,01,1,1,1
865,865,0,66733682,1,00000000,0,7e72bd45,249,245,245,0,0,1,01,01,1,1,1
866,866,0,66733682,1,00000000,0,7e72bd45,249,245,245,0,0,1,01,01,1,1,1
867,867,0,66733682,1,00000000,0,7e72bd45,249,245,245,0,0,1,01,01,1,1,1
868,868,0,66733682,1,00000000,0,7e72bd45,249,245,245,0,0,1,01,01,1,1,1
869,869,0,66733682,1,00000000,0,7e72bd45,249,245,245,0,0,1,01,01,1,1,1
870,870,0,66733682,1,00000000,0,7e72bd45,249,245,245,0,0,1,01,01,1,1,1
871,871,0,66733682,1,00000000,0,7e72bd45,249,245,245,0,0,1,01,01,1,1,1
872,872,0,66733682,1,00000000,0,7e72bd45,249,245,245,0,0,1,01,01,1,1,1
873,873,0,66733682,1,00000000,0,7e72bd45,249,245,245,0,0,1,01,01,1,1,1
874,874,0,66733682,1,00000000,0,7e72bd45,249,245,245,0,0,1,01,01,1,1,1
875,875,0,66733682,1,00000000,0,7e72bd45,249,245,245,0,0,1,01,01,1,1,1
876,876,0,66733682,1,00000000,0,7e72bd45,249,245,245,0,0,1,01,01,1,1,1
877,877,0,66733682,1,00000000,0,7e72bd45,249,245,245,0,0,1,01,01,1,1,1
878,878,0,66733682,1,00000000,0,7e72bd45,249,245,245,0,0,1,01,01,1,1,1
879,879,0,66733682,1,00000000,0,7e72bd45,249,245,245,0,0,1,01,01,1,1,1
880,880,0,66733682,1,00000000,0,7e72bd45,249,245,245,0,0,1,01,01,1,1,1
881,881,0,66733682,1,00000000,0,7e72bd45,249,245,245,0,0,1,01,01,1,1,1
882,882,0,66733682,1,00000000,0,7e72bd45,249,245,245,0,0,1,01,01,1,1,1
883,883,0,66733682,1,00000000,0,7e72bd45,249,245,245,0,0,1,01,01,1,1,1
884,884,0,66733682,1,00000000,0,7e72bd45,249,245,245,0,0,1,01,01,1,1,1
885,885,0,66733682,1,00000000,0,7e72bd45,249,245,245,0,0,1,01,01,1,1,1
886,886,0,66733682,1,00000000,0,7e72bd45,249,245,245,0,0,1,01,01,1,1,1
887,887,0,66733682,1,00000000,0,7e72bd45,249,245,245,0,0,1,01,01,1,1,1
888,888,0,66733682,1,00000000,0,7e72bd45,249,245,245,0,0,1,01,01,1,1,1
889,889,0,66733682,1,00000000,0,7e72bd45,249,245,245,0,0,1,01,01,1,1,1
890,890,0,66733682,1,00000000,0,7e72bd45,249,245,245,0,0,1,01,01,1,1,1
891,891,0,66733682,1,00000000,0,7e72bd45,249,245,245,0,0,1,01,01,1,1,1
892,892,0,66733682,1,00000000,0,7e72bd45,249,245,245,0,0,1,01,01,1,1,1
893,893,0,66733682,1,00000000,0,7e72bd45,249,245,245,0,0,1,01,01,1,1,1
894,894,0,66733682,1,00000000,0,7e72bd45,249,245,245,0,0,1,01,01,1,1,1
895,895,0,66733682,1,00000000,0,7e72bd45,249,245,245,0,0,1,01,01,1,1,1
896,896,0,66733682,1,00000000,0,7e72bd45,249,245,245,0,0,1,01,01,1,1,1
897,897,0,66733682,1,00000000,0,7e72bd45,249,245,245,0,0,1,01,01,1,1,1
898,898,0,66733682,1,00000000,0,7e72bd45,249,245,245,0,0,1,01,01,1,1,1
899,899,0,66733682,1,00000000,0,7e72bd45,249,245,245,0,0,1,01,01,1,1,1
900,900,0,66733682,1,00000000,0,7e72bd45,249,245,245,0,0,1,01,01,1,1,1
901,901,0,66733682,1,00000000,0,7e72bd45,249,245,245,0,0,1,01,01,1,1,1
902,902,0,66733682,1,00000000,0,7e72bd45,249,245,245,0,0,1,01,01,1,1,1
903,903,0,66733682,1,00000000,0,7e72bd45,249,245,245,0,0,1,01,01,1,1,1
904,904,0,66733682,1,00000000,0,7e72bd45,249,245,245,0,0,1,01,01,1,1,1
905,905,0,66733682,1,00000000,0,7e72bd45,249,245,245,0,0,1,01,01,1,1,1
906,906,0,66733682,1,00000000,0,7e72bd45,249,245,245,0,0,1,01,01,1,1,1
907,907,0,66733682,1,00000000,0,7e72bd45,249,245,245,0,0,1,01,01,1,1,1
908,908,0,66733682,1,00000000,0,7e72bd45,249,245,245,0,0,1,01,01,1,1,1
909,909,0,66733682,1,00000000,0,7e72bd45,249,245,245,0,0,1,01,01,1,1,1
910,910,0,66733682,1,00000000,0,7e72bd45,249,245,245,0,0,1,01,01,1,1,1
911,911,0,66733682,1,00000000,0,7e72bd45,249,245,245,0,0,1,01,01,1,1,1
912,912,0,66733682,1,00000000,0,7e72bd45,249,245,245,0,0,1,01,01,1,1,1
913,913,0,66733682,1,00000000,0,7e72bd45,249,245,245,0,0,1,01,01,1,1,1
914,914,0,66733682,1,00000000,0,7e72bd45,249,245,245,0,0,1,01,01,1,1,1
915,915,0,66733682,1,00000000,0,7e72bd45,249,245,245,0,0,1,01,01,1,1,1
916,916,0,66733682,1,00000000,0,7e72bd45,249,245,245,0,0,1,01,01,1,1,1
917,917,0,66733682,1,00000000,0,7e72bd45,249,245,245,0,0,1,01,01,1,1,1
918,918,0,66733682,1,00000000,0,7e72bd45,249,245,245,0,0,1,01,01,1,1,1
919,919,0,66733682,1,00000000,0,7e72bd45,249,245,245,0,0,1,01,01,1,1,1
920,920,0,66733682,1,00000000,0,7e72bd45,249,245,245,0,0,1,01,01,1,1,1
921,921,0,66733682,1,00000000,0,7e72bd45,249,245,245,0,0,1,01,01,1,1,1
922,922,0,66733682,1,00000000,0,7e72bd45,249,245,245,0,0,1,01,01,1,1,1
923,923,0,66733682,1,00000000,0,7e72bd45,249,245,245,0,0,1,01,01,1,1,1
924,924,0,66733682,1,00000000,0,7e72bd45,249,245,245,0,0,1,01,01,1,1,1
925,925,0,66733682,1,00000000,0,7e72bd45,249,245,245,0,0,1,01,01,1,1,1
926,926,0,66733682,1,00000000,0,7e72bd45,249,245,245,0,0,1,01,01,1,1,1
927,927,0,66733682,1,00000000,0,7e72bd45,249,245,245,0,0,1,01,01,1,1,1
928,928,0,66733682,1,00000000,0,7e72bd45,249,245,245,0,0,1,01,01,1,1,1
929,929,0,66733682,1,00000000,0,7e72bd45,249,245,245,0,0,1,01,01,1,1,1
930,930,0,66733682,1,00000000,0,7e72bd45,249,245,245,0,0,1,01,01,1,1,1
931,931,0,66733682,1,00000000,0,7e72bd45,249,245,245,0,0,1,01,01,1,1,1
932,932,0,66733682,1,00000000,0,7e72bd45,249,245,245,0,0,1,01,01,1,1,1
933,933,0,66733682,1,00000000,0,7e72bd45,249,245,245,0,0,1,01,01,1,1,1
934,934,0,66733682,1,00000000,0,7e72bd45,249,245,245,0,0,1,01,01,1,1,1
935,935,0,66733682,1,00000000,0,7e72bd45,249,245,245,0,0,1,01,01,1,1,1
936,936,0,66733682,1,00000000,0,7e72bd45,249,245,245,0,0,1,01,01,1,1,1
937,937,0,66733682,1,00000000,0,7e72bd45,249,245,245,0,0,1,01,01,1,1,1
938,938,0,66733682,1,00000000,0,7e72bd45,249,245,245,0,0,1,01,01,1,1,1
939,939,0,66733682,1,00000000,0,7e72bd45,249,245,245,0,0,1,01,01,1,1,1
940,940,0,66733682,1,00000000,0,7e72bd45,249,245,245,0,0,1,01,01,1,1,1
941,941,0,66733682,1,00000000,0,7e72bd45,249,245,245,0,0,1,01,01,1,1,1
942,942,0,66733682,1,00000000,0,7e72bd45,249,245,245,0,0,1,01,01,1,1,1
943,943,0,66733682,1,00000000,0,7e72bd45,249,245,245,0,0,1,01,01,1,1,1
944,944,0,66733682,1,00000000,0,7e72bd45,249,245,245,0,0,1,01,01,1,1,1
945,945,0,66733682,1,00000000,0,7e72bd45,249,245,245,0,0,1,01,01,1,1,1
946,946,0,66733682,1,00000000,0,7e72bd45,249,245,245,0,0,1,01,01,1,1,1
947,947,0,66733682,1,00000000,0,7e72bd45,249,245,245,0,0,1,01,01,1,1,1
948,948,0,66733682,1,00000000,0,7e72bd45,249,245,245,0,0,1,01,01,1,1,1
949,949,0,66733682,1,00000000,0,7e72bd45,249,245,245,0,0,1,01,01,1,1,1
950,950,0,66733682,1,00000000,0,7e72bd45,249,245,245,0,0,1,01,01,1,1,1
951,951,0,66733682,1,00000000,0,7e72bd45,249,245,245,0,0,1,01,01,1,1,1
952,952,0,66733682,1,00000000,0,7e72bd45,249,245,245,0,0,1,01,01,1,1,1
953,953,0,66733682,1,00000000,0,7e72bd45,249,245,245,0,0,1,01,01,1,1,1
954,954,0,66733682,1,00000000,0,7e72bd45,249,245,245,0,0,1,01,01,1,1,1
955,955,0,66733682,1,00000000,0,7e72bd45,249,245,245,0,0,1,01,01,1,1,1
956,956,0,66733682,1,00000000,0,7e72bd45,249,245,245,0,0,1,01,01,1,1,1
957,957,0,66733682,1,00000000,0,7e72bd45,249,245,245,0,0,1,01,01,1,1,1
958,958,0,66733682,1,00000000,0,7e72bd45,249,245,245,0,0,1,01,01,1,1,1
959,959,0,66733682,1,00000000,0,7e72bd45,249,245,245,0,0,1,01,01,1,1,1
960,960,0,66733682,1,00000000,0,7e72bd45,249,245,245,0,0,1,01,01,1,1,1
961,961,0,66733682,1,00000000,0,7e72bd45,249,245,245,0,0,1,01,01,1,1,1
962,962,0,66733682,1,00000000,0,7e72bd45,249,245,245,0,0,1,01,01,1,1,1
963,963,0,66733682,1,00000000,0,7e72bd45,249,245,245,0,0,1,01,01,1,1,1
964,964,0,66733682,1,00000000,0,7e72bd45,249,245,245,0,0,1,01,01,1,1,1
965,965,0,66733682,1,00000000,0,7e72bd45,249,245,245,0,0,1,01,01,1,1,1
966,966,0,66733682,1,00000000,0,7e72bd45,249,245,245,0,0,1,01,01,1,1,1
967,967,0,66733682,1,00000000,0,7e72bd45,249,245,245,0,0,1,01,01,1,1,1
968,968,0,66733682,1,00000000,0,7e72bd45,249,245,245,0,0,1,01,01,1,1,1
969,969,0,66733682,1,00000000,0,7e72bd45,249,245,245,0,0,1,01,01,0,1,1
970,970,0,66733682,1,00000000,0,7e72bd45,249,246,246,0,0,1,01,01,0,1,1
971,971,0,66733682,1,00000000,0,9672e350,249,246,246,0,0,1,01,01,1,1,1
972,972,0,66733682,1,00000000,0,9672e350,249,246,246,0,0,1,01,01,1,1,1
973,973,0,66733682,1,00000000,0,9672e350,249,246,246,0,0,1,01,01,1,1,1
974,974,0,66733682,1,00000000,0,9672e350,249,246,246,0,0,1,01,01,1,1,1
975,975,0,66733682,1,00000000,0,9672e350,249,246,246,0,0,1,01,01,1,1,1
976,976,0,66733682,1,00000000,0,9672e350,249,246,246,0,0,1,01,01,1,1,1
977,977,0,66733682,1,00000000,0,9672e350,249,246,246,0,0,1,01,01,0,1,1
978,978,0,66733682,1,00000000,0,9672e350,249,247,247,0,0,1,01,01,0,1,1
979,979,0,66733682,1,00000000,0,6e73306d,249,247,247,0,0,1,01,01,1,1,1
980,980,0,66733682,1,00000000,0,6e73306d,249,247,247,0,0,1,01,01,1,1,1
981,981,0,66733682,1,00000000,0,6e73306d,249,247,247,0,0,1,01,01,1,1,1
982,982,0,66733682,1,00000000,0,6e73306d,249,247,247,0,0,1,01,01,1,1,1
983,983,0,66733682,1,00000000,0,6e73306d,249,247,247,0,0,1,01,01,1,1,1
984,984,0,66733682,1,00000000,0,6e73306d,249,247,247,0,0,1,01,01,1,1,1
985,985,0,66733682,1,00000000,0,6e73306d,249,247,247,0,0,1,01,01,0,1,1
986,986,0,66733682,1,00000000,0,6e73306d,249,248,248,0,0,1,01,01,0,1,1
987,987,0,66733682,1,00000000,0,66733682,249,248,248,0,0,1,01,01,0,1,1
988,988,0,66733682,1,00000000,0,66733682,249,249,249,1,0,1,01,01,0,1,1
989,989,0,66733682,1,00000000,0,8710f992,249,249,249,1,0,1,01,01,0,0,0
990,990,0,66733682,1,00000000,0,8710f992,249,249,249,1,0,1,01,01,0,0,0
991,991,0,66733682,1,00000000,0,8710f992,249,249,249,1,0,1,01,01,0,0,0
992,992,0,66733682,1,00000000,0,8710f992,249,249,249,1,0,1,01,01,0,0,0
993,993,0,66733682,1,00000000,0,8710f992,249,249,249,1,0,1,01,01,0,0,0
994,994,0,66733682,1,00000000,0,8710f992,249,249,249,1,0,1,01,01,0,0,0
995,995,0,66733682,1,00000000,0,8710f992,249,249,249,1,0,1,01,01,0,0,0
996,996,0,66733682,1,00000000,0,8710f992,249,249,249,1,0,1,01,01,0,0,0
997,997,0,66733682,1,00000000,0,8710f992,249,249,249,1,0,1,01,01,0,0,0
998,998,0,66733682,1,00000000,0,8710f992,249,249,249,1,0,1,01,01,0,0,0
999,999,0,66733682,1,00000000,0,8710f992,249,249,249,1,0,1,01,01,0,0,0
1000,1000,0,66733682,1,00000000,0,8710f992,249,249,249,1,0,1,01,01,0,0,0
1001,1001,0,66733682,1,00000000,0,8710f992,249,249,249,1,0,1,01,01,0,0,0
1002,1002,0,66733682,1,00000000,0,8710f992,249,249,249,1,0,1,01,01,0,0,0
1003,1003,0,66733682,1,00000000,0,8710f992,249,249,249,1,0,1,01,01,0,0,0
1004,1004,0,66733682,1,00000000,0,8710f992,249,249,249,1,0,1,01,01,0,0,0
1005,1005,0,66733682,1,00000000,0,8710f992,249,249,249,1,0,1,01,01,0,0,0
1006,1006,0,66733682,1,00000000,0,8710f992,249,249,249,1,0,1,01,01,0,0,0
1007,1007,0,66733682,1,00000000,0,8710f992,249,249,249,1,0,1,01,01,0,0,0
1008,1008,0,66733682,1,00000000,0,8710f992,249,249,249,1,0,1,01,01,0,0,0
1009,1009,0,66733682,1,00000000,0,8710f992,249,249,249,1,0,1,01,01,0,0,0
1010,1010,0,66733682,1,00000000,0,8710f992,249,249,249,1,0,1,01,01,0,0,0
1011,1011,0,66733682,1,00000000,0,8710f992,249,249,249,1,0,1,01,01,0,0,0
1012,1012,0,66733682,1,00000000,0,8710f992,249,249,249,1,0,1,01,01,0,0,0
1013,1013,0,66733682,1,00000000,0,8710f992,249,249,249,1,0,1,01,01,0,0,0
1014,1014,0,66733682,1,00000000,0,8710f992,249,249,249,1,0,1,01,01,0,0,0
1015,1015,0,66733682,1,00000000,0,8710f992,249,249,249,1,0,1,01,01,0,0,0
1016,1016,0,66733682,1,00000000,0,8710f992,249,249,249,1,0,1,01,01,0,0,0
1017,1017,0,66733682,1,00000000,0,8710f992,249,249,249,1,0,1,01,01,0,0,0
1018,1018,0,66733682,1,00000000,0,8710f992,249,249,249,1,0,1,01,01,0,0,0
1019,1019,0,66733682,1,00000000,0,8710f992,249,249,249,1,0,1,01,01,0,0,0
1020,1020,0,66733682,1,00000000,0,8710f992,249,249,249,1,0,1,01,01,0,0,0
1021,1021,0,66733682,1,00000000,0,8710f992,249,249,249,1,0,1,01,01,0,0,0
1022,1022,0,66733682,1,00000000,0,8710f992,249,249,249,1,0,1,01,01,0,0,0
1023,1023,0,66733682,1,00000000,0,8710f992,249,249,249,1,0,1,01,01,0,0,0
